"LOCATION","INDICATOR","SUBJECT","MEASURE","FREQUENCY","TIME","Value","Flag Codes"
"AUS","WAGEGAP","EMPLOYEE","PC","A","1975",21.582733813,
"AUS","WAGEGAP","EMPLOYEE","PC","A","1976",20.754716981,
"AUS","WAGEGAP","EMPLOYEE","PC","A","1977",18.390804598,
"AUS","WAGEGAP","EMPLOYEE","PC","A","1978",19.791666667,
"AUS","WAGEGAP","EMPLOYEE","PC","A","1979",20,
"AUS","WAGEGAP","EMPLOYEE","PC","A","1980",18.75,
"AUS","WAGEGAP","EMPLOYEE","PC","A","1981",18.253968254,
"AUS","WAGEGAP","EMPLOYEE","PC","A","1982",20.819112628,
"AUS","WAGEGAP","EMPLOYEE","PC","A","1983",19.155844156,
"AUS","WAGEGAP","EMPLOYEE","PC","A","1984",18.674698795,
"AUS","WAGEGAP","EMPLOYEE","PC","A","1985",19.607843137,
"AUS","WAGEGAP","EMPLOYEE","PC","A","1986",18.848167539,
"AUS","WAGEGAP","EMPLOYEE","PC","A","1987",18.518518519,
"AUS","WAGEGAP","EMPLOYEE","PC","A","1988",18.79350348,
"AUS","WAGEGAP","EMPLOYEE","PC","A","1989",18.58974359,
"AUS","WAGEGAP","EMPLOYEE","PC","A","1990",18.181818182,
"AUS","WAGEGAP","EMPLOYEE","PC","A","1991",16.015625,
"AUS","WAGEGAP","EMPLOYEE","PC","A","1992",14.258555133,
"AUS","WAGEGAP","EMPLOYEE","PC","A","1993",13.224637681,
"AUS","WAGEGAP","EMPLOYEE","PC","A","1994",14.409722222,
"AUS","WAGEGAP","EMPLOYEE","PC","A","1995",14.478114478,
"AUS","WAGEGAP","EMPLOYEE","PC","A","1997",15.254237288,
"AUS","WAGEGAP","EMPLOYEE","PC","A","1998",13.242009132,
"AUS","WAGEGAP","EMPLOYEE","PC","A","1999",14.285714286,
"AUS","WAGEGAP","EMPLOYEE","PC","A","2000",17.2,
"AUS","WAGEGAP","EMPLOYEE","PC","A","2001",14.342105263,
"AUS","WAGEGAP","EMPLOYEE","PC","A","2002",15,
"AUS","WAGEGAP","EMPLOYEE","PC","A","2003",13.043478261,
"AUS","WAGEGAP","EMPLOYEE","PC","A","2004",14.352941176,
"AUS","WAGEGAP","EMPLOYEE","PC","A","2005",15.777777778,
"AUS","WAGEGAP","EMPLOYEE","PC","A","2006",16.666666667,
"AUS","WAGEGAP","EMPLOYEE","PC","A","2007",15.4,
"AUS","WAGEGAP","EMPLOYEE","PC","A","2008",11.937377691,
"AUS","WAGEGAP","EMPLOYEE","PC","A","2009",16.363636364,
"AUS","WAGEGAP","EMPLOYEE","PC","A","2010",14.04293381,
"AUS","WAGEGAP","EMPLOYEE","PC","A","2011",15.966386555,
"AUS","WAGEGAP","EMPLOYEE","PC","A","2012",13.75,
"AUS","WAGEGAP","EMPLOYEE","PC","A","2013",18,
"AUS","WAGEGAP","EMPLOYEE","PC","A","2014",15.384615385,
"AUS","WAGEGAP","EMPLOYEE","PC","A","2015",13,
"AUS","WAGEGAP","EMPLOYEE","PC","A","2016",11.538461538,
"AUS","WAGEGAP","EMPLOYEE","PC","A","2017",11.664190193,
"AUS","WAGEGAP","EMPLOYEE","PC","A","2018",11.714285714,
"AUT","WAGEGAP","SELFEMPLOYED","PC","A","2003",52,
"AUT","WAGEGAP","SELFEMPLOYED","PC","A","2004",50,
"AUT","WAGEGAP","SELFEMPLOYED","PC","A","2005",50,
"AUT","WAGEGAP","SELFEMPLOYED","PC","A","2006",47,
"AUT","WAGEGAP","SELFEMPLOYED","PC","A","2007",48,
"AUT","WAGEGAP","SELFEMPLOYED","PC","A","2008",49,
"AUT","WAGEGAP","SELFEMPLOYED","PC","A","2009",47,
"AUT","WAGEGAP","SELFEMPLOYED","PC","A","2010",45,
"AUT","WAGEGAP","SELFEMPLOYED","PC","A","2011",44,
"AUT","WAGEGAP","SELFEMPLOYED","PC","A","2012",45,
"AUT","WAGEGAP","SELFEMPLOYED","PC","A","2013",46,
"AUT","WAGEGAP","SELFEMPLOYED","PC","A","2014",49,
"AUT","WAGEGAP","SELFEMPLOYED","PC","A","2015",52,
"AUT","WAGEGAP","SELFEMPLOYED","PC","A","2016",54,
"AUT","WAGEGAP","EMPLOYEE","PC","A","2000",23.141943088,
"AUT","WAGEGAP","EMPLOYEE","PC","A","2001",22.801817823,
"AUT","WAGEGAP","EMPLOYEE","PC","A","2002",24.48922362,
"AUT","WAGEGAP","EMPLOYEE","PC","A","2003",21.136921977,
"AUT","WAGEGAP","EMPLOYEE","PC","A","2004",22.430792158,
"AUT","WAGEGAP","EMPLOYEE","PC","A","2005",22.032085753,
"AUT","WAGEGAP","EMPLOYEE","PC","A","2006",21.855130427,
"AUT","WAGEGAP","EMPLOYEE","PC","A","2007",21.634276366,
"AUT","WAGEGAP","EMPLOYEE","PC","A","2008",20.917320274,
"AUT","WAGEGAP","EMPLOYEE","PC","A","2009",19.355965917,
"AUT","WAGEGAP","EMPLOYEE","PC","A","2010",19.188862682,
"AUT","WAGEGAP","EMPLOYEE","PC","A","2011",18.550554118,
"AUT","WAGEGAP","EMPLOYEE","PC","A","2012",18.185056843,
"AUT","WAGEGAP","EMPLOYEE","PC","A","2013",18.053211411,
"AUT","WAGEGAP","EMPLOYEE","PC","A","2014",17.728884245,
"AUT","WAGEGAP","EMPLOYEE","PC","A","2015",17.04325299,
"AUT","WAGEGAP","EMPLOYEE","PC","A","2016",15.670899643,
"AUT","WAGEGAP","EMPLOYEE","PC","A","2017",15.38215397,
"BEL","WAGEGAP","SELFEMPLOYED","PC","A","2003",43,
"BEL","WAGEGAP","SELFEMPLOYED","PC","A","2004",45,
"BEL","WAGEGAP","SELFEMPLOYED","PC","A","2005",47,
"BEL","WAGEGAP","SELFEMPLOYED","PC","A","2006",45,
"BEL","WAGEGAP","SELFEMPLOYED","PC","A","2007",42,
"BEL","WAGEGAP","SELFEMPLOYED","PC","A","2008",36,
"BEL","WAGEGAP","SELFEMPLOYED","PC","A","2009",32,
"BEL","WAGEGAP","SELFEMPLOYED","PC","A","2010",30,
"BEL","WAGEGAP","SELFEMPLOYED","PC","A","2011",33,
"BEL","WAGEGAP","SELFEMPLOYED","PC","A","2012",34,
"BEL","WAGEGAP","SELFEMPLOYED","PC","A","2013",33,
"BEL","WAGEGAP","SELFEMPLOYED","PC","A","2014",32,
"BEL","WAGEGAP","SELFEMPLOYED","PC","A","2015",30,
"BEL","WAGEGAP","SELFEMPLOYED","PC","A","2016",30,
"BEL","WAGEGAP","EMPLOYEE","PC","A","1999",15.182987141,
"BEL","WAGEGAP","EMPLOYEE","PC","A","2000",13.599231139,
"BEL","WAGEGAP","EMPLOYEE","PC","A","2001",13.186813187,
"BEL","WAGEGAP","EMPLOYEE","PC","A","2002",11.604714415,
"BEL","WAGEGAP","EMPLOYEE","PC","A","2003",15.205183585,
"BEL","WAGEGAP","EMPLOYEE","PC","A","2004",11.832061069,
"BEL","WAGEGAP","EMPLOYEE","PC","A","2005",11.511092507,
"BEL","WAGEGAP","EMPLOYEE","PC","A","2006",10.253267974,
"BEL","WAGEGAP","EMPLOYEE","PC","A","2007",9.8736176935,
"BEL","WAGEGAP","EMPLOYEE","PC","A","2008",8.9157536834,
"BEL","WAGEGAP","EMPLOYEE","PC","A","2009",7.4804614812,
"BEL","WAGEGAP","EMPLOYEE","PC","A","2010",7.0437956204,
"BEL","WAGEGAP","EMPLOYEE","PC","A","2011",5.8381088825,
"BEL","WAGEGAP","EMPLOYEE","PC","A","2012",6.4111498258,
"BEL","WAGEGAP","EMPLOYEE","PC","A","2013",5.9128630705,
"BEL","WAGEGAP","EMPLOYEE","PC","A","2014",3.2989003665,
"BEL","WAGEGAP","EMPLOYEE","PC","A","2015",4.672,
"BEL","WAGEGAP","EMPLOYEE","PC","A","2016",3.7012987013,
"CAN","WAGEGAP","SELFEMPLOYED","PC","A","2006",42.69429,
"CAN","WAGEGAP","SELFEMPLOYED","PC","A","2007",43.91172,
"CAN","WAGEGAP","SELFEMPLOYED","PC","A","2008",44.25487,
"CAN","WAGEGAP","SELFEMPLOYED","PC","A","2009",43.76965,
"CAN","WAGEGAP","SELFEMPLOYED","PC","A","2010",45.02744,
"CAN","WAGEGAP","SELFEMPLOYED","PC","A","2011",43.95531,
"CAN","WAGEGAP","SELFEMPLOYED","PC","A","2012",44.08627,
"CAN","WAGEGAP","SELFEMPLOYED","PC","A","2013",40.93182,
"CAN","WAGEGAP","SELFEMPLOYED","PC","A","2014",39.04919,
"CAN","WAGEGAP","SELFEMPLOYED","PC","A","2015",36.81382,
"CAN","WAGEGAP","SELFEMPLOYED","PC","A","2016",34.89245,
"CAN","WAGEGAP","EMPLOYEE","PC","A","1997",24.705882353,
"CAN","WAGEGAP","EMPLOYEE","PC","A","1998",24.855491329,
"CAN","WAGEGAP","EMPLOYEE","PC","A","1999",24,
"CAN","WAGEGAP","EMPLOYEE","PC","A","2000",23.875,
"CAN","WAGEGAP","EMPLOYEE","PC","A","2001",24.324579125,
"CAN","WAGEGAP","EMPLOYEE","PC","A","2002",24.013157895,
"CAN","WAGEGAP","EMPLOYEE","PC","A","2003",22.502340337,
"CAN","WAGEGAP","EMPLOYEE","PC","A","2004",22.717948718,
"CAN","WAGEGAP","EMPLOYEE","PC","A","2005",21.25,
"CAN","WAGEGAP","EMPLOYEE","PC","A","2006",21.123321123,
"CAN","WAGEGAP","EMPLOYEE","PC","A","2007",20.808235294,
"CAN","WAGEGAP","EMPLOYEE","PC","A","2008",20.454545455,
"CAN","WAGEGAP","EMPLOYEE","PC","A","2009",20.131868132,
"CAN","WAGEGAP","EMPLOYEE","PC","A","2010",18.977469671,
"CAN","WAGEGAP","EMPLOYEE","PC","A","2011",19.175531915,
"CAN","WAGEGAP","EMPLOYEE","PC","A","2012",19.511231281,
"CAN","WAGEGAP","EMPLOYEE","PC","A","2013",19.30323498,
"CAN","WAGEGAP","EMPLOYEE","PC","A","2014",19.229,
"CAN","WAGEGAP","EMPLOYEE","PC","A","2015",18.62745098,
"CAN","WAGEGAP","EMPLOYEE","PC","A","2016",18.221153846,
"CAN","WAGEGAP","EMPLOYEE","PC","A","2017",18.17322239,
"CZE","WAGEGAP","SELFEMPLOYED","PC","A","2004",32,
"CZE","WAGEGAP","SELFEMPLOYED","PC","A","2005",31,
"CZE","WAGEGAP","SELFEMPLOYED","PC","A","2006",29,
"CZE","WAGEGAP","SELFEMPLOYED","PC","A","2007",29,
"CZE","WAGEGAP","SELFEMPLOYED","PC","A","2008",29,
"CZE","WAGEGAP","SELFEMPLOYED","PC","A","2009",30,
"CZE","WAGEGAP","SELFEMPLOYED","PC","A","2010",30,
"CZE","WAGEGAP","SELFEMPLOYED","PC","A","2011",31,
"CZE","WAGEGAP","SELFEMPLOYED","PC","A","2012",31,
"CZE","WAGEGAP","SELFEMPLOYED","PC","A","2013",30,
"CZE","WAGEGAP","SELFEMPLOYED","PC","A","2014",29,
"CZE","WAGEGAP","SELFEMPLOYED","PC","A","2015",30,
"CZE","WAGEGAP","SELFEMPLOYED","PC","A","2016",31,
"CZE","WAGEGAP","EMPLOYEE","PC","A","1996",18.289856235,
"CZE","WAGEGAP","EMPLOYEE","PC","A","1997",18.429043742,
"CZE","WAGEGAP","EMPLOYEE","PC","A","1999",19.030314257,
"CZE","WAGEGAP","EMPLOYEE","PC","A","2001",16.876621646,
"CZE","WAGEGAP","EMPLOYEE","PC","A","2002",15.95069783,
"CZE","WAGEGAP","EMPLOYEE","PC","A","2003",15.637497318,
"CZE","WAGEGAP","EMPLOYEE","PC","A","2004",16.14681968,
"CZE","WAGEGAP","EMPLOYEE","PC","A","2005",15.93892946,
"CZE","WAGEGAP","EMPLOYEE","PC","A","2006",15.351766206,
"CZE","WAGEGAP","EMPLOYEE","PC","A","2007",16.931531878,
"CZE","WAGEGAP","EMPLOYEE","PC","A","2008",17.873019877,
"CZE","WAGEGAP","EMPLOYEE","PC","A","2009",15.105017965,
"CZE","WAGEGAP","EMPLOYEE","PC","A","2010",15.798503074,
"CZE","WAGEGAP","EMPLOYEE","PC","A","2011",16.329656698,
"CZE","WAGEGAP","EMPLOYEE","PC","A","2012",15.262979875,
"CZE","WAGEGAP","EMPLOYEE","PC","A","2013",15.378835316,
"CZE","WAGEGAP","EMPLOYEE","PC","A","2014",16.254560195,
"CZE","WAGEGAP","EMPLOYEE","PC","A","2015",16.455154158,
"CZE","WAGEGAP","EMPLOYEE","PC","A","2016",16.023430838,
"CZE","WAGEGAP","EMPLOYEE","PC","A","2017",15.614010894,
"CZE","WAGEGAP","EMPLOYEE","PC","A","2018",15.127413864,
"DNK","WAGEGAP","SELFEMPLOYED","PC","A","2003",9,
"DNK","WAGEGAP","SELFEMPLOYED","PC","A","2004",6,
"DNK","WAGEGAP","SELFEMPLOYED","PC","A","2005",12,
"DNK","WAGEGAP","SELFEMPLOYED","PC","A","2006",12,
"DNK","WAGEGAP","SELFEMPLOYED","PC","A","2007",17,
"DNK","WAGEGAP","SELFEMPLOYED","PC","A","2008",11,
"DNK","WAGEGAP","SELFEMPLOYED","PC","A","2009",16,
"DNK","WAGEGAP","SELFEMPLOYED","PC","A","2010",17,
"DNK","WAGEGAP","SELFEMPLOYED","PC","A","2011",22,
"DNK","WAGEGAP","SELFEMPLOYED","PC","A","2012",23,
"DNK","WAGEGAP","SELFEMPLOYED","PC","A","2013",-9,
"DNK","WAGEGAP","SELFEMPLOYED","PC","A","2014",6,
"DNK","WAGEGAP","SELFEMPLOYED","PC","A","2015",1,
"DNK","WAGEGAP","SELFEMPLOYED","PC","A","2016",7,
"DNK","WAGEGAP","EMPLOYEE","PC","A","2002",10.797075707,
"DNK","WAGEGAP","EMPLOYEE","PC","A","2003",9.9218040939,
"DNK","WAGEGAP","EMPLOYEE","PC","A","2004",10.182205379,
"DNK","WAGEGAP","EMPLOYEE","PC","A","2005",10.167330438,
"DNK","WAGEGAP","EMPLOYEE","PC","A","2006",10.172061258,
"DNK","WAGEGAP","EMPLOYEE","PC","A","2007",9.8502979507,
"DNK","WAGEGAP","EMPLOYEE","PC","A","2008",10.183549034,
"DNK","WAGEGAP","EMPLOYEE","PC","A","2009",10.172005061,
"DNK","WAGEGAP","EMPLOYEE","PC","A","2010",8.895098479,
"DNK","WAGEGAP","EMPLOYEE","PC","A","2011",7.9471972536,
"DNK","WAGEGAP","EMPLOYEE","PC","A","2012",6.9998448762,
"DNK","WAGEGAP","EMPLOYEE","PC","A","2013",6.7689119452,
"DNK","WAGEGAP","EMPLOYEE","PC","A","2014",6.3238656948,
"DNK","WAGEGAP","EMPLOYEE","PC","A","2015",5.8360481128,
"DNK","WAGEGAP","EMPLOYEE","PC","A","2016",5.7326280384,
"DNK","WAGEGAP","EMPLOYEE","PC","A","2017",5.2966919656,
"FIN","WAGEGAP","SELFEMPLOYED","PC","A","2003",33,
"FIN","WAGEGAP","SELFEMPLOYED","PC","A","2004",35,
"FIN","WAGEGAP","SELFEMPLOYED","PC","A","2005",42,
"FIN","WAGEGAP","SELFEMPLOYED","PC","A","2006",40,
"FIN","WAGEGAP","SELFEMPLOYED","PC","A","2007",40,
"FIN","WAGEGAP","SELFEMPLOYED","PC","A","2008",37,
"FIN","WAGEGAP","SELFEMPLOYED","PC","A","2009",36,
"FIN","WAGEGAP","SELFEMPLOYED","PC","A","2010",33,
"FIN","WAGEGAP","SELFEMPLOYED","PC","A","2011",35,
"FIN","WAGEGAP","SELFEMPLOYED","PC","A","2012",35,
"FIN","WAGEGAP","SELFEMPLOYED","PC","A","2013",30,
"FIN","WAGEGAP","SELFEMPLOYED","PC","A","2014",26,
"FIN","WAGEGAP","SELFEMPLOYED","PC","A","2015",24,
"FIN","WAGEGAP","SELFEMPLOYED","PC","A","2016",25,
"FIN","WAGEGAP","EMPLOYEE","PC","A","1977",27.69040181,
"FIN","WAGEGAP","EMPLOYEE","PC","A","1978",27.088607595,
"FIN","WAGEGAP","EMPLOYEE","PC","A","1979",27.168949772,
"FIN","WAGEGAP","EMPLOYEE","PC","A","1980",26.623818677,
"FIN","WAGEGAP","EMPLOYEE","PC","A","1982",25.961538462,
"FIN","WAGEGAP","EMPLOYEE","PC","A","1983",25.631742918,
"FIN","WAGEGAP","EMPLOYEE","PC","A","1984",23.427041499,
"FIN","WAGEGAP","EMPLOYEE","PC","A","1986",22.531420386,
"FIN","WAGEGAP","EMPLOYEE","PC","A","1987",23.612840074,
"FIN","WAGEGAP","EMPLOYEE","PC","A","1988",23.045794438,
"FIN","WAGEGAP","EMPLOYEE","PC","A","1989",23.559035501,
"FIN","WAGEGAP","EMPLOYEE","PC","A","1990",22.862101997,
"FIN","WAGEGAP","EMPLOYEE","PC","A","1991",21.467746962,
"FIN","WAGEGAP","EMPLOYEE","PC","A","1992",20.284986187,
"FIN","WAGEGAP","EMPLOYEE","PC","A","1993",21.984812501,
"FIN","WAGEGAP","EMPLOYEE","PC","A","1994",23.149578754,
"FIN","WAGEGAP","EMPLOYEE","PC","A","1995",22.40219409,
"FIN","WAGEGAP","EMPLOYEE","PC","A","1996",20.582669662,
"FIN","WAGEGAP","EMPLOYEE","PC","A","1997",21.332011656,
"FIN","WAGEGAP","EMPLOYEE","PC","A","1998",20.800426409,
"FIN","WAGEGAP","EMPLOYEE","PC","A","1999",21.716236106,
"FIN","WAGEGAP","EMPLOYEE","PC","A","2000",20.427489177,
"FIN","WAGEGAP","EMPLOYEE","PC","A","2001",21.239091287,
"FIN","WAGEGAP","EMPLOYEE","PC","A","2002",20.373202814,
"FIN","WAGEGAP","EMPLOYEE","PC","A","2003",20.099255583,
"FIN","WAGEGAP","EMPLOYEE","PC","A","2004",20.015151037,
"FIN","WAGEGAP","EMPLOYEE","PC","A","2005",18.941694033,
"FIN","WAGEGAP","EMPLOYEE","PC","A","2006",19.374794537,
"FIN","WAGEGAP","EMPLOYEE","PC","A","2007",21.376904093,
"FIN","WAGEGAP","EMPLOYEE","PC","A","2008",21.233952657,
"FIN","WAGEGAP","EMPLOYEE","PC","A","2009",19.675672792,
"FIN","WAGEGAP","EMPLOYEE","PC","A","2010",18.876999846,
"FIN","WAGEGAP","EMPLOYEE","PC","A","2011",18.607617095,
"FIN","WAGEGAP","EMPLOYEE","PC","A","2012",18.726074526,
"FIN","WAGEGAP","EMPLOYEE","PC","A","2013",20.178432711,
"FIN","WAGEGAP","EMPLOYEE","PC","A","2014",19.609079445,
"FIN","WAGEGAP","EMPLOYEE","PC","A","2015",18.055981324,
"FIN","WAGEGAP","EMPLOYEE","PC","A","2016",16.47225837,
"FIN","WAGEGAP","EMPLOYEE","PC","A","2017",17.717920638,
"FRA","WAGEGAP","SELFEMPLOYED","PC","A","2003",37,
"FRA","WAGEGAP","SELFEMPLOYED","PC","A","2004",34,
"FRA","WAGEGAP","SELFEMPLOYED","PC","A","2005",32,
"FRA","WAGEGAP","SELFEMPLOYED","PC","A","2006",33,
"FRA","WAGEGAP","SELFEMPLOYED","PC","A","2007",36,
"FRA","WAGEGAP","SELFEMPLOYED","PC","A","2008",36,
"FRA","WAGEGAP","SELFEMPLOYED","PC","A","2009",32,
"FRA","WAGEGAP","SELFEMPLOYED","PC","A","2010",30,
"FRA","WAGEGAP","SELFEMPLOYED","PC","A","2011",30,
"FRA","WAGEGAP","SELFEMPLOYED","PC","A","2012",30,
"FRA","WAGEGAP","SELFEMPLOYED","PC","A","2013",25,
"FRA","WAGEGAP","SELFEMPLOYED","PC","A","2014",24,
"FRA","WAGEGAP","SELFEMPLOYED","PC","A","2015",20,
"FRA","WAGEGAP","SELFEMPLOYED","PC","A","2016",22,
"FRA","WAGEGAP","EMPLOYEE","PC","A","2002",13.30472103,
"FRA","WAGEGAP","EMPLOYEE","PC","A","2006",9.3907466789,
"FRA","WAGEGAP","EMPLOYEE","PC","A","2010",9.1188075406,
"FRA","WAGEGAP","EMPLOYEE","PC","A","2014",9.8721023181,
"DEU","WAGEGAP","EMPLOYEE","PC","A","1992",26.935449735,
"DEU","WAGEGAP","EMPLOYEE","PC","A","1993",23.017612524,
"DEU","WAGEGAP","EMPLOYEE","PC","A","1994",20.49864146,
"DEU","WAGEGAP","EMPLOYEE","PC","A","1995",19.411547002,
"DEU","WAGEGAP","EMPLOYEE","PC","A","1996",20.649557522,
"DEU","WAGEGAP","EMPLOYEE","PC","A","1997",21.409751925,
"DEU","WAGEGAP","EMPLOYEE","PC","A","1998",20.896610169,
"DEU","WAGEGAP","EMPLOYEE","PC","A","1999",20.169491525,
"DEU","WAGEGAP","EMPLOYEE","PC","A","2000",19.579030977,
"DEU","WAGEGAP","EMPLOYEE","PC","A","2001",19.105008078,
"DEU","WAGEGAP","EMPLOYEE","PC","A","2002",19.076590488,
"DEU","WAGEGAP","EMPLOYEE","PC","A","2003",19.554572271,
"DEU","WAGEGAP","EMPLOYEE","PC","A","2004",21.850217724,
"DEU","WAGEGAP","EMPLOYEE","PC","A","2005",16.347569956,
"DEU","WAGEGAP","EMPLOYEE","PC","A","2006",18.128654971,
"DEU","WAGEGAP","EMPLOYEE","PC","A","2007",16.715542522,
"DEU","WAGEGAP","EMPLOYEE","PC","A","2008",16.737517957,
"DEU","WAGEGAP","EMPLOYEE","PC","A","2009",16.524216524,
"DEU","WAGEGAP","EMPLOYEE","PC","A","2010",16.694715584,
"DEU","WAGEGAP","EMPLOYEE","PC","A","2011",16.944444444,
"DEU","WAGEGAP","EMPLOYEE","PC","A","2012",15.646258503,
"DEU","WAGEGAP","EMPLOYEE","PC","A","2013",14.093150685,
"DEU","WAGEGAP","EMPLOYEE","PC","A","2014",17.1875,
"DEU","WAGEGAP","EMPLOYEE","PC","A","2015",15.816326531,
"DEU","WAGEGAP","EMPLOYEE","PC","A","2016",15.510718789,
"DEU","WAGEGAP","EMPLOYEE","PC","A","2017",16.19047619,
"GRC","WAGEGAP","SELFEMPLOYED","PC","A","2006",42,
"GRC","WAGEGAP","SELFEMPLOYED","PC","A","2007",39,
"GRC","WAGEGAP","SELFEMPLOYED","PC","A","2008",38,
"GRC","WAGEGAP","SELFEMPLOYED","PC","A","2009",42,
"GRC","WAGEGAP","SELFEMPLOYED","PC","A","2010",44,
"GRC","WAGEGAP","SELFEMPLOYED","PC","A","2011",46,
"GRC","WAGEGAP","SELFEMPLOYED","PC","A","2012",40,
"GRC","WAGEGAP","SELFEMPLOYED","PC","A","2013",37,
"GRC","WAGEGAP","SELFEMPLOYED","PC","A","2014",35,
"GRC","WAGEGAP","SELFEMPLOYED","PC","A","2015",34,
"GRC","WAGEGAP","SELFEMPLOYED","PC","A","2016",33,
"GRC","WAGEGAP","EMPLOYEE","PC","A","2004",13.875598298,
"GRC","WAGEGAP","EMPLOYEE","PC","A","2005",16.666665691,
"GRC","WAGEGAP","EMPLOYEE","PC","A","2006",11.878629486,
"GRC","WAGEGAP","EMPLOYEE","PC","A","2007",11.629049359,
"GRC","WAGEGAP","EMPLOYEE","PC","A","2008",9.5237715743,
"GRC","WAGEGAP","EMPLOYEE","PC","A","2009",9.5871657347,
"GRC","WAGEGAP","EMPLOYEE","PC","A","2010",12.172840391,
"GRC","WAGEGAP","EMPLOYEE","PC","A","2011",10.714285714,
"GRC","WAGEGAP","EMPLOYEE","PC","A","2012",6.8528027344,
"GRC","WAGEGAP","EMPLOYEE","PC","A","2013",11.273731296,
"GRC","WAGEGAP","EMPLOYEE","PC","A","2014",9.0909090909,
"GRC","WAGEGAP","EMPLOYEE","PC","A","2015",6.25,
"GRC","WAGEGAP","EMPLOYEE","PC","A","2016",4.486279454,
"GRC","WAGEGAP","EMPLOYEE","PC","A","2017",4.486279454,
"HUN","WAGEGAP","SELFEMPLOYED","PC","A","2004",29,
"HUN","WAGEGAP","SELFEMPLOYED","PC","A","2005",27,
"HUN","WAGEGAP","SELFEMPLOYED","PC","A","2006",27,
"HUN","WAGEGAP","SELFEMPLOYED","PC","A","2007",24,
"HUN","WAGEGAP","SELFEMPLOYED","PC","A","2008",28,
"HUN","WAGEGAP","SELFEMPLOYED","PC","A","2009",32,
"HUN","WAGEGAP","SELFEMPLOYED","PC","A","2010",34,
"HUN","WAGEGAP","SELFEMPLOYED","PC","A","2011",33,
"HUN","WAGEGAP","SELFEMPLOYED","PC","A","2012",26,
"HUN","WAGEGAP","SELFEMPLOYED","PC","A","2013",22,
"HUN","WAGEGAP","SELFEMPLOYED","PC","A","2014",19,
"HUN","WAGEGAP","SELFEMPLOYED","PC","A","2015",19,
"HUN","WAGEGAP","SELFEMPLOYED","PC","A","2016",18,
"HUN","WAGEGAP","EMPLOYEE","PC","A","1989",25.979979418,
"HUN","WAGEGAP","EMPLOYEE","PC","A","1992",17.391092723,
"HUN","WAGEGAP","EMPLOYEE","PC","A","1993",7.9486289483,
"HUN","WAGEGAP","EMPLOYEE","PC","A","1994",15.181054045,
"HUN","WAGEGAP","EMPLOYEE","PC","A","1995",15.754001685,
"HUN","WAGEGAP","EMPLOYEE","PC","A","1996",17.775349235,
"HUN","WAGEGAP","EMPLOYEE","PC","A","1998",15.671892874,
"HUN","WAGEGAP","EMPLOYEE","PC","A","1999",15.30123115,
"HUN","WAGEGAP","EMPLOYEE","PC","A","2000",14.098768043,
"HUN","WAGEGAP","EMPLOYEE","PC","A","2001",13.689781486,
"HUN","WAGEGAP","EMPLOYEE","PC","A","2002",9.1297122935,
"HUN","WAGEGAP","EMPLOYEE","PC","A","2003",1.4760044902,
"HUN","WAGEGAP","EMPLOYEE","PC","A","2004",3.0343737653,
"HUN","WAGEGAP","EMPLOYEE","PC","A","2005",4.0215265743,
"HUN","WAGEGAP","EMPLOYEE","PC","A","2006",0.3843870359,
"HUN","WAGEGAP","EMPLOYEE","PC","A","2007",3.6481061267,
"HUN","WAGEGAP","EMPLOYEE","PC","A","2008",2.2206544601,
"HUN","WAGEGAP","EMPLOYEE","PC","A","2009",3.8760880696,
"HUN","WAGEGAP","EMPLOYEE","PC","A","2010",6.3817122518,
"HUN","WAGEGAP","EMPLOYEE","PC","A","2011",6.8639053254,
"HUN","WAGEGAP","EMPLOYEE","PC","A","2012",11.332462443,
"HUN","WAGEGAP","EMPLOYEE","PC","A","2013",8.7236506348,
"HUN","WAGEGAP","EMPLOYEE","PC","A","2014",3.7726055271,
"HUN","WAGEGAP","EMPLOYEE","PC","A","2015",9.5238095238,
"HUN","WAGEGAP","EMPLOYEE","PC","A","2016",9.3643171806,
"ISL","WAGEGAP","SELFEMPLOYED","PC","A","2003",44,
"ISL","WAGEGAP","SELFEMPLOYED","PC","A","2004",41,
"ISL","WAGEGAP","SELFEMPLOYED","PC","A","2005",34,
"ISL","WAGEGAP","SELFEMPLOYED","PC","A","2006",28,
"ISL","WAGEGAP","SELFEMPLOYED","PC","A","2007",25,
"ISL","WAGEGAP","SELFEMPLOYED","PC","A","2008",21,
"ISL","WAGEGAP","SELFEMPLOYED","PC","A","2009",16,
"ISL","WAGEGAP","SELFEMPLOYED","PC","A","2010",11,
"ISL","WAGEGAP","SELFEMPLOYED","PC","A","2011",17,
"ISL","WAGEGAP","SELFEMPLOYED","PC","A","2012",25,
"ISL","WAGEGAP","SELFEMPLOYED","PC","A","2013",26,
"ISL","WAGEGAP","SELFEMPLOYED","PC","A","2014",26,
"ISL","WAGEGAP","EMPLOYEE","PC","A","2004",19.225463109,
"ISL","WAGEGAP","EMPLOYEE","PC","A","2005",13.199229154,
"ISL","WAGEGAP","EMPLOYEE","PC","A","2006",12.400076757,
"ISL","WAGEGAP","EMPLOYEE","PC","A","2007",15.89033019,
"ISL","WAGEGAP","EMPLOYEE","PC","A","2008",13.328559334,
"ISL","WAGEGAP","EMPLOYEE","PC","A","2009",15.977812776,
"ISL","WAGEGAP","EMPLOYEE","PC","A","2010",14.314783611,
"ISL","WAGEGAP","EMPLOYEE","PC","A","2011",14.07981281,
"ISL","WAGEGAP","EMPLOYEE","PC","A","2013",14.527463644,
"ISL","WAGEGAP","EMPLOYEE","PC","A","2014",13.593489465,
"ISL","WAGEGAP","EMPLOYEE","PC","A","2015",9.931403069,
"ISL","WAGEGAP","EMPLOYEE","PC","A","2016",11.543446315,
"IRL","WAGEGAP","SELFEMPLOYED","PC","A","2003",25,
"IRL","WAGEGAP","SELFEMPLOYED","PC","A","2004",28,
"IRL","WAGEGAP","SELFEMPLOYED","PC","A","2005",29,
"IRL","WAGEGAP","SELFEMPLOYED","PC","A","2006",34,
"IRL","WAGEGAP","SELFEMPLOYED","PC","A","2007",30,
"IRL","WAGEGAP","SELFEMPLOYED","PC","A","2008",27,
"IRL","WAGEGAP","SELFEMPLOYED","PC","A","2009",19,
"IRL","WAGEGAP","SELFEMPLOYED","PC","A","2010",21,
"IRL","WAGEGAP","SELFEMPLOYED","PC","A","2011",24,
"IRL","WAGEGAP","SELFEMPLOYED","PC","A","2012",29,
"IRL","WAGEGAP","SELFEMPLOYED","PC","A","2013",32,
"IRL","WAGEGAP","SELFEMPLOYED","PC","A","2014",36,
"IRL","WAGEGAP","SELFEMPLOYED","PC","A","2015",37,
"IRL","WAGEGAP","EMPLOYEE","PC","A","1994",25.182481752,
"IRL","WAGEGAP","EMPLOYEE","PC","A","1997",21.716666667,
"IRL","WAGEGAP","EMPLOYEE","PC","A","2000",19.72972973,
"IRL","WAGEGAP","EMPLOYEE","PC","A","2003",19.702836294,
"IRL","WAGEGAP","EMPLOYEE","PC","A","2004",18.230301742,
"IRL","WAGEGAP","EMPLOYEE","PC","A","2005",13.793103448,
"IRL","WAGEGAP","EMPLOYEE","PC","A","2006",14.411326861,
"IRL","WAGEGAP","EMPLOYEE","PC","A","2007",17.953447971,
"IRL","WAGEGAP","EMPLOYEE","PC","A","2008",14.964028777,
"IRL","WAGEGAP","EMPLOYEE","PC","A","2009",14.887077375,
"IRL","WAGEGAP","EMPLOYEE","PC","A","2010",12.844729883,
"IRL","WAGEGAP","EMPLOYEE","PC","A","2011",10.446852551,
"IRL","WAGEGAP","EMPLOYEE","PC","A","2012",6.3261602282,
"IRL","WAGEGAP","EMPLOYEE","PC","A","2013",14.021779029,
"IRL","WAGEGAP","EMPLOYEE","PC","A","2014",14.369905956,
"IRL","WAGEGAP","EMPLOYEE","PC","A","2015",12.602773346,
"IRL","WAGEGAP","EMPLOYEE","PC","A","2016",7.4310255075,
"IRL","WAGEGAP","EMPLOYEE","PC","A","2017",5.8755315037,
"ITA","WAGEGAP","SELFEMPLOYED","PC","A","2006",48,
"ITA","WAGEGAP","SELFEMPLOYED","PC","A","2007",48,
"ITA","WAGEGAP","SELFEMPLOYED","PC","A","2008",47,
"ITA","WAGEGAP","SELFEMPLOYED","PC","A","2009",49,
"ITA","WAGEGAP","SELFEMPLOYED","PC","A","2010",53,
"ITA","WAGEGAP","SELFEMPLOYED","PC","A","2011",55,
"ITA","WAGEGAP","SELFEMPLOYED","PC","A","2012",56,
"ITA","WAGEGAP","SELFEMPLOYED","PC","A","2013",53,
"ITA","WAGEGAP","SELFEMPLOYED","PC","A","2014",53,
"ITA","WAGEGAP","SELFEMPLOYED","PC","A","2015",49,
"ITA","WAGEGAP","SELFEMPLOYED","PC","A","2016",47,
"ITA","WAGEGAP","EMPLOYEE","PC","A","1986",17.24137931,
"ITA","WAGEGAP","EMPLOYEE","PC","A","1987",15.625,
"ITA","WAGEGAP","EMPLOYEE","PC","A","1989",11.11111111,
"ITA","WAGEGAP","EMPLOYEE","PC","A","1991",10,
"ITA","WAGEGAP","EMPLOYEE","PC","A","1993",11.504424779,
"ITA","WAGEGAP","EMPLOYEE","PC","A","1995",14.583333336,
"ITA","WAGEGAP","EMPLOYEE","PC","A","1998",7.6923076882,
"ITA","WAGEGAP","EMPLOYEE","PC","A","2000",8.5185185246,
"ITA","WAGEGAP","EMPLOYEE","PC","A","2002",10.344827586,
"ITA","WAGEGAP","EMPLOYEE","PC","A","2004",6.666666664,
"ITA","WAGEGAP","EMPLOYEE","PC","A","2006",7.6923076946,
"ITA","WAGEGAP","EMPLOYEE","PC","A","2008",11.764705884,
"ITA","WAGEGAP","EMPLOYEE","PC","A","2010",9.9403354745,
"ITA","WAGEGAP","EMPLOYEE","PC","A","2012",11.111111113,
"ITA","WAGEGAP","EMPLOYEE","PC","A","2014",5.5555555533,
"ITA","WAGEGAP","EMPLOYEE","PC","A","2016",5.5555555533,
"JPN","WAGEGAP","EMPLOYEE","PC","A","1975",42.389758179,
"JPN","WAGEGAP","EMPLOYEE","PC","A","1976",39.741750359,
"JPN","WAGEGAP","EMPLOYEE","PC","A","1977",40.326797386,
"JPN","WAGEGAP","EMPLOYEE","PC","A","1978",40.565457898,
"JPN","WAGEGAP","EMPLOYEE","PC","A","1979",41.313190006,
"JPN","WAGEGAP","EMPLOYEE","PC","A","1980",41.68030551,
"JPN","WAGEGAP","EMPLOYEE","PC","A","1981",41.956967213,
"JPN","WAGEGAP","EMPLOYEE","PC","A","1982",42.15925745,
"JPN","WAGEGAP","EMPLOYEE","PC","A","1983",41.903409091,
"JPN","WAGEGAP","EMPLOYEE","PC","A","1984",41.9340055,
"JPN","WAGEGAP","EMPLOYEE","PC","A","1985",41.659272405,
"JPN","WAGEGAP","EMPLOYEE","PC","A","1986",41.605524385,
"JPN","WAGEGAP","EMPLOYEE","PC","A","1987",41.226215645,
"JPN","WAGEGAP","EMPLOYEE","PC","A","1988",41.018211921,
"JPN","WAGEGAP","EMPLOYEE","PC","A","1989",40.963375796,
"JPN","WAGEGAP","EMPLOYEE","PC","A","1990",40.59893859,
"JPN","WAGEGAP","EMPLOYEE","PC","A","1991",39.898989899,
"JPN","WAGEGAP","EMPLOYEE","PC","A","1992",38.884992987,
"JPN","WAGEGAP","EMPLOYEE","PC","A","1993",38.450946644,
"JPN","WAGEGAP","EMPLOYEE","PC","A","1994",37.815975733,
"JPN","WAGEGAP","EMPLOYEE","PC","A","1995",37.090301003,
"JPN","WAGEGAP","EMPLOYEE","PC","A","1996",36.847323199,
"JPN","WAGEGAP","EMPLOYEE","PC","A","1997",36.521454307,
"JPN","WAGEGAP","EMPLOYEE","PC","A","1998",35.307666996,
"JPN","WAGEGAP","EMPLOYEE","PC","A","1999",34.550839092,
"JPN","WAGEGAP","EMPLOYEE","PC","A","2000",33.85930309,
"JPN","WAGEGAP","EMPLOYEE","PC","A","2001",33.864671438,
"JPN","WAGEGAP","EMPLOYEE","PC","A","2002",32.529722589,
"JPN","WAGEGAP","EMPLOYEE","PC","A","2003",31.997350116,
"JPN","WAGEGAP","EMPLOYEE","PC","A","2004",31.087391594,
"JPN","WAGEGAP","EMPLOYEE","PC","A","2005",32.825438887,
"JPN","WAGEGAP","EMPLOYEE","PC","A","2006",32.980832783,
"JPN","WAGEGAP","EMPLOYEE","PC","A","2007",31.742323097,
"JPN","WAGEGAP","EMPLOYEE","PC","A","2008",30.694397853,
"JPN","WAGEGAP","EMPLOYEE","PC","A","2009",28.284923928,
"JPN","WAGEGAP","EMPLOYEE","PC","A","2010",28.684300928,
"JPN","WAGEGAP","EMPLOYEE","PC","A","2011",27.395364926,
"JPN","WAGEGAP","EMPLOYEE","PC","A","2012",26.523545706,
"JPN","WAGEGAP","EMPLOYEE","PC","A","2013",26.587578507,
"JPN","WAGEGAP","EMPLOYEE","PC","A","2014",25.870989997,
"JPN","WAGEGAP","EMPLOYEE","PC","A","2015",25.731790334,
"JPN","WAGEGAP","EMPLOYEE","PC","A","2016",24.601289447,
"JPN","WAGEGAP","EMPLOYEE","PC","A","2017",24.518092661,
"KOR","WAGEGAP","EMPLOYEE","PC","A","1985",52.776235511,
"KOR","WAGEGAP","EMPLOYEE","PC","A","1992",46.965487183,
"KOR","WAGEGAP","EMPLOYEE","PC","A","1993",47.260317787,
"KOR","WAGEGAP","EMPLOYEE","PC","A","1994",45.506376315,
"KOR","WAGEGAP","EMPLOYEE","PC","A","1995",44.182205884,
"KOR","WAGEGAP","EMPLOYEE","PC","A","1996",43.282779571,
"KOR","WAGEGAP","EMPLOYEE","PC","A","1997",42.215485792,
"KOR","WAGEGAP","EMPLOYEE","PC","A","1998",42.021841969,
"KOR","WAGEGAP","EMPLOYEE","PC","A","1999",41.80339811,
"KOR","WAGEGAP","EMPLOYEE","PC","A","2000",41.654352443,
"KOR","WAGEGAP","EMPLOYEE","PC","A","2001",40.416140488,
"KOR","WAGEGAP","EMPLOYEE","PC","A","2002",41.028512789,
"KOR","WAGEGAP","EMPLOYEE","PC","A","2003",40.083154629,
"KOR","WAGEGAP","EMPLOYEE","PC","A","2004",39.623548252,
"KOR","WAGEGAP","EMPLOYEE","PC","A","2005",39.616632359,
"KOR","WAGEGAP","EMPLOYEE","PC","A","2006",39.774144311,
"KOR","WAGEGAP","EMPLOYEE","PC","A","2007",38.162064282,
"KOR","WAGEGAP","EMPLOYEE","PC","A","2008",39.037441734,
"KOR","WAGEGAP","EMPLOYEE","PC","A","2009",38.614682704,
"KOR","WAGEGAP","EMPLOYEE","PC","A","2010",39.605857342,
"KOR","WAGEGAP","EMPLOYEE","PC","A","2011",36.5642295,
"KOR","WAGEGAP","EMPLOYEE","PC","A","2012",36.298529966,
"KOR","WAGEGAP","EMPLOYEE","PC","A","2013",36.599634369,
"KOR","WAGEGAP","EMPLOYEE","PC","A","2014",36.653176139,
"KOR","WAGEGAP","EMPLOYEE","PC","A","2015",37.176281754,
"KOR","WAGEGAP","EMPLOYEE","PC","A","2016",36.666666667,
"KOR","WAGEGAP","EMPLOYEE","PC","A","2017",34.617382557,
"LUX","WAGEGAP","SELFEMPLOYED","PC","A","2003",46,
"LUX","WAGEGAP","SELFEMPLOYED","PC","A","2004",45,
"LUX","WAGEGAP","SELFEMPLOYED","PC","A","2005",37,
"LUX","WAGEGAP","SELFEMPLOYED","PC","A","2006",43,
"LUX","WAGEGAP","SELFEMPLOYED","PC","A","2007",46,
"LUX","WAGEGAP","SELFEMPLOYED","PC","A","2008",44,
"LUX","WAGEGAP","SELFEMPLOYED","PC","A","2009",37,
"LUX","WAGEGAP","SELFEMPLOYED","PC","A","2010",26,
"LUX","WAGEGAP","SELFEMPLOYED","PC","A","2011",23,
"LUX","WAGEGAP","SELFEMPLOYED","PC","A","2012",16,
"LUX","WAGEGAP","SELFEMPLOYED","PC","A","2013",11,
"LUX","WAGEGAP","SELFEMPLOYED","PC","A","2014",5,
"LUX","WAGEGAP","SELFEMPLOYED","PC","A","2015",8,
"LUX","WAGEGAP","SELFEMPLOYED","PC","A","2016",9,
"LUX","WAGEGAP","EMPLOYEE","PC","A","2002",15.088529638,
"LUX","WAGEGAP","EMPLOYEE","PC","A","2006",7.6680672269,
"LUX","WAGEGAP","EMPLOYEE","PC","A","2010",4.5921644188,
"LUX","WAGEGAP","EMPLOYEE","PC","A","2014",3.4029167858,
"MEX","WAGEGAP","EMPLOYEE","PC","A","2005",16.666666667,
"MEX","WAGEGAP","EMPLOYEE","PC","A","2006",18.604651163,
"MEX","WAGEGAP","EMPLOYEE","PC","A","2007",12.5,
"MEX","WAGEGAP","EMPLOYEE","PC","A","2008",22.222222222,
"MEX","WAGEGAP","EMPLOYEE","PC","A","2009",16.666666667,
"MEX","WAGEGAP","EMPLOYEE","PC","A","2010",11.627906977,
"MEX","WAGEGAP","EMPLOYEE","PC","A","2011",10,
"MEX","WAGEGAP","EMPLOYEE","PC","A","2012",13.555555556,
"MEX","WAGEGAP","EMPLOYEE","PC","A","2013",15.433403805,
"MEX","WAGEGAP","EMPLOYEE","PC","A","2014",18.3,
"MEX","WAGEGAP","EMPLOYEE","PC","A","2015",16.666666667,
"MEX","WAGEGAP","EMPLOYEE","PC","A","2016",16.492248062,
"MEX","WAGEGAP","EMPLOYEE","PC","A","2017",11.111111111,
"MEX","WAGEGAP","EMPLOYEE","PC","A","2018",14,
"NLD","WAGEGAP","SELFEMPLOYED","PC","A","2004",37,
"NLD","WAGEGAP","SELFEMPLOYED","PC","A","2005",39,
"NLD","WAGEGAP","SELFEMPLOYED","PC","A","2006",42,
"NLD","WAGEGAP","SELFEMPLOYED","PC","A","2007",44,
"NLD","WAGEGAP","SELFEMPLOYED","PC","A","2008",41,
"NLD","WAGEGAP","SELFEMPLOYED","PC","A","2009",35,
"NLD","WAGEGAP","SELFEMPLOYED","PC","A","2010",30,
"NLD","WAGEGAP","SELFEMPLOYED","PC","A","2011",28,
"NLD","WAGEGAP","SELFEMPLOYED","PC","A","2012",26,
"NLD","WAGEGAP","SELFEMPLOYED","PC","A","2013",22,
"NLD","WAGEGAP","SELFEMPLOYED","PC","A","2014",25,
"NLD","WAGEGAP","SELFEMPLOYED","PC","A","2015",29,
"NLD","WAGEGAP","SELFEMPLOYED","PC","A","2016",33,
"NLD","WAGEGAP","EMPLOYEE","PC","A","2002",16.050386022,
"NLD","WAGEGAP","EMPLOYEE","PC","A","2006",16.008064516,
"NLD","WAGEGAP","EMPLOYEE","PC","A","2010",17.88914703,
"NLD","WAGEGAP","EMPLOYEE","PC","A","2014",14.11468179,
"NZL","WAGEGAP","SELFEMPLOYED","PC","A","1998",42.66352,
"NZL","WAGEGAP","SELFEMPLOYED","PC","A","1999",39.85396,
"NZL","WAGEGAP","SELFEMPLOYED","PC","A","2000",36.89318,
"NZL","WAGEGAP","SELFEMPLOYED","PC","A","2001",30.06299,
"NZL","WAGEGAP","SELFEMPLOYED","PC","A","2002",23.53441,
"NZL","WAGEGAP","SELFEMPLOYED","PC","A","2003",30.03544,
"NZL","WAGEGAP","SELFEMPLOYED","PC","A","2004",34.83597,
"NZL","WAGEGAP","SELFEMPLOYED","PC","A","2005",34.64789,
"NZL","WAGEGAP","SELFEMPLOYED","PC","A","2006",36.85994,
"NZL","WAGEGAP","SELFEMPLOYED","PC","A","2007",30.48856,
"NZL","WAGEGAP","SELFEMPLOYED","PC","A","2008",41.13586,
"NZL","WAGEGAP","SELFEMPLOYED","PC","A","2009",32.43426,
"NZL","WAGEGAP","SELFEMPLOYED","PC","A","2010",32.17144,
"NZL","WAGEGAP","SELFEMPLOYED","PC","A","2011",37.84077,
"NZL","WAGEGAP","SELFEMPLOYED","PC","A","2012",24.97918,
"NZL","WAGEGAP","SELFEMPLOYED","PC","A","2013",34.26377,
"NZL","WAGEGAP","SELFEMPLOYED","PC","A","2014",38.59373,
"NZL","WAGEGAP","SELFEMPLOYED","PC","A","2015",37.70789,
"NZL","WAGEGAP","SELFEMPLOYED","PC","A","2016",33.94572,
"NZL","WAGEGAP","EMPLOYEE","PC","A","1984",21.474652004,
"NZL","WAGEGAP","EMPLOYEE","PC","A","1986",23.014998739,
"NZL","WAGEGAP","EMPLOYEE","PC","A","1988",20.289233742,
"NZL","WAGEGAP","EMPLOYEE","PC","A","1990",17.111123524,
"NZL","WAGEGAP","EMPLOYEE","PC","A","1992",15.57156471,
"NZL","WAGEGAP","EMPLOYEE","PC","A","1994",13.302432435,
"NZL","WAGEGAP","EMPLOYEE","PC","A","1995",13.68282986,
"NZL","WAGEGAP","EMPLOYEE","PC","A","1996",20.394885993,
"NZL","WAGEGAP","EMPLOYEE","PC","A","1997",12.709497164,
"NZL","WAGEGAP","EMPLOYEE","PC","A","1998",11.4,
"NZL","WAGEGAP","EMPLOYEE","PC","A","1999",8.3333333333,
"NZL","WAGEGAP","EMPLOYEE","PC","A","2000",7.1665560717,
"NZL","WAGEGAP","EMPLOYEE","PC","A","2001",8.0562659847,
"NZL","WAGEGAP","EMPLOYEE","PC","A","2002",7.3125,
"NZL","WAGEGAP","EMPLOYEE","PC","A","2003",7.6923076923,
"NZL","WAGEGAP","EMPLOYEE","PC","A","2004",8.0766995933,
"NZL","WAGEGAP","EMPLOYEE","PC","A","2005",9.6111111111,
"NZL","WAGEGAP","EMPLOYEE","PC","A","2006",9.3333333333,
"NZL","WAGEGAP","EMPLOYEE","PC","A","2007",7.1428571429,
"NZL","WAGEGAP","EMPLOYEE","PC","A","2008",8.0536912752,
"NZL","WAGEGAP","EMPLOYEE","PC","A","2009",8.7591240876,
"NZL","WAGEGAP","EMPLOYEE","PC","A","2010",7.0112359551,
"NZL","WAGEGAP","EMPLOYEE","PC","A","2011",4.5333333333,
"NZL","WAGEGAP","EMPLOYEE","PC","A","2012",5.9079061685,
"NZL","WAGEGAP","EMPLOYEE","PC","A","2013",6.5943238731,
"NZL","WAGEGAP","EMPLOYEE","PC","A","2014",6.0833333333,
"NZL","WAGEGAP","EMPLOYEE","PC","A","2015",7.92,
"NZL","WAGEGAP","EMPLOYEE","PC","A","2016",7.7692307692,
"NZL","WAGEGAP","EMPLOYEE","PC","A","2017",7.1508379888,
"NZL","WAGEGAP","EMPLOYEE","PC","A","2018",7.8696925329,
"NOR","WAGEGAP","SELFEMPLOYED","PC","A","2003",32,
"NOR","WAGEGAP","SELFEMPLOYED","PC","A","2004",32,
"NOR","WAGEGAP","SELFEMPLOYED","PC","A","2005",31,
"NOR","WAGEGAP","SELFEMPLOYED","PC","A","2006",28,
"NOR","WAGEGAP","SELFEMPLOYED","PC","A","2007",26,
"NOR","WAGEGAP","SELFEMPLOYED","PC","A","2008",28,
"NOR","WAGEGAP","SELFEMPLOYED","PC","A","2009",28,
"NOR","WAGEGAP","SELFEMPLOYED","PC","A","2010",27,
"NOR","WAGEGAP","SELFEMPLOYED","PC","A","2011",25,
"NOR","WAGEGAP","SELFEMPLOYED","PC","A","2012",19,
"NOR","WAGEGAP","SELFEMPLOYED","PC","A","2013",19,
"NOR","WAGEGAP","SELFEMPLOYED","PC","A","2014",17,
"NOR","WAGEGAP","SELFEMPLOYED","PC","A","2015",24,
"NOR","WAGEGAP","EMPLOYEE","PC","A","1997",10.066471683,
"NOR","WAGEGAP","EMPLOYEE","PC","A","1998",10.08034702,
"NOR","WAGEGAP","EMPLOYEE","PC","A","1999",10.140724541,
"NOR","WAGEGAP","EMPLOYEE","PC","A","2000",10.188542422,
"NOR","WAGEGAP","EMPLOYEE","PC","A","2001",10.742867084,
"NOR","WAGEGAP","EMPLOYEE","PC","A","2002",10.681873927,
"NOR","WAGEGAP","EMPLOYEE","PC","A","2003",10.211701156,
"NOR","WAGEGAP","EMPLOYEE","PC","A","2004",9.7057919803,
"NOR","WAGEGAP","EMPLOYEE","PC","A","2005",9.3885160328,
"NOR","WAGEGAP","EMPLOYEE","PC","A","2006",9.1624347329,
"NOR","WAGEGAP","EMPLOYEE","PC","A","2007",9.8311482592,
"NOR","WAGEGAP","EMPLOYEE","PC","A","2008",9.2356687898,
"NOR","WAGEGAP","EMPLOYEE","PC","A","2009",8.6687306502,
"NOR","WAGEGAP","EMPLOYEE","PC","A","2010",8.0597014925,
"NOR","WAGEGAP","EMPLOYEE","PC","A","2011",7.7809798271,
"NOR","WAGEGAP","EMPLOYEE","PC","A","2012",6.4066852368,
"NOR","WAGEGAP","EMPLOYEE","PC","A","2013",7.0080862534,
"NOR","WAGEGAP","EMPLOYEE","PC","A","2014",6.2827225131,
"NOR","WAGEGAP","EMPLOYEE","PC","A","2015",7.1246819338,
"POL","WAGEGAP","SELFEMPLOYED","PC","A","2004",54,
"POL","WAGEGAP","SELFEMPLOYED","PC","A","2005",55,
"POL","WAGEGAP","SELFEMPLOYED","PC","A","2006",53,
"POL","WAGEGAP","SELFEMPLOYED","PC","A","2007",57,
"POL","WAGEGAP","SELFEMPLOYED","PC","A","2008",58,
"POL","WAGEGAP","SELFEMPLOYED","PC","A","2009",62,
"POL","WAGEGAP","SELFEMPLOYED","PC","A","2010",62,
"POL","WAGEGAP","SELFEMPLOYED","PC","A","2011",62,
"POL","WAGEGAP","SELFEMPLOYED","PC","A","2012",61,
"POL","WAGEGAP","SELFEMPLOYED","PC","A","2013",60,
"POL","WAGEGAP","SELFEMPLOYED","PC","A","2014",59,
"POL","WAGEGAP","SELFEMPLOYED","PC","A","2015",57,
"POL","WAGEGAP","SELFEMPLOYED","PC","A","2016",56,
"POL","WAGEGAP","EMPLOYEE","PC","A","1991",19.898247598,
"POL","WAGEGAP","EMPLOYEE","PC","A","1992",16.988031915,
"POL","WAGEGAP","EMPLOYEE","PC","A","1993",19.777721647,
"POL","WAGEGAP","EMPLOYEE","PC","A","1994",18.599311137,
"POL","WAGEGAP","EMPLOYEE","PC","A","1995",19.853905226,
"POL","WAGEGAP","EMPLOYEE","PC","A","1996",20.216119894,
"POL","WAGEGAP","EMPLOYEE","PC","A","1997",18.313243821,
"POL","WAGEGAP","EMPLOYEE","PC","A","1998",18.853785794,
"POL","WAGEGAP","EMPLOYEE","PC","A","1999",17.300625382,
"POL","WAGEGAP","EMPLOYEE","PC","A","2001",14.030818727,
"POL","WAGEGAP","EMPLOYEE","PC","A","2002",11.037668688,
"POL","WAGEGAP","EMPLOYEE","PC","A","2004",10.638848907,
"POL","WAGEGAP","EMPLOYEE","PC","A","2006",11.440420483,
"POL","WAGEGAP","EMPLOYEE","PC","A","2008",12.993822243,
"POL","WAGEGAP","EMPLOYEE","PC","A","2010",7.1902070437,
"POL","WAGEGAP","EMPLOYEE","PC","A","2012",10.620155274,
"POL","WAGEGAP","EMPLOYEE","PC","A","2014",11.07286288,
"POL","WAGEGAP","EMPLOYEE","PC","A","2016",9.4178809362,
"PRT","WAGEGAP","SELFEMPLOYED","PC","A","2006",62,
"PRT","WAGEGAP","SELFEMPLOYED","PC","A","2007",61,
"PRT","WAGEGAP","SELFEMPLOYED","PC","A","2008",60,
"PRT","WAGEGAP","SELFEMPLOYED","PC","A","2009",58,
"PRT","WAGEGAP","SELFEMPLOYED","PC","A","2010",59,
"PRT","WAGEGAP","SELFEMPLOYED","PC","A","2011",59,
"PRT","WAGEGAP","SELFEMPLOYED","PC","A","2012",54,
"PRT","WAGEGAP","SELFEMPLOYED","PC","A","2013",47,
"PRT","WAGEGAP","SELFEMPLOYED","PC","A","2014",40,
"PRT","WAGEGAP","SELFEMPLOYED","PC","A","2015",41,
"PRT","WAGEGAP","SELFEMPLOYED","PC","A","2016",42,
"PRT","WAGEGAP","EMPLOYEE","PC","A","2004",13.030303516,
"PRT","WAGEGAP","EMPLOYEE","PC","A","2005",15.966388101,
"PRT","WAGEGAP","EMPLOYEE","PC","A","2006",14.354839495,
"PRT","WAGEGAP","EMPLOYEE","PC","A","2007",15.277779722,
"PRT","WAGEGAP","EMPLOYEE","PC","A","2008",15.63548277,
"PRT","WAGEGAP","EMPLOYEE","PC","A","2009",13.792500584,
"PRT","WAGEGAP","EMPLOYEE","PC","A","2010",13.450867734,
"PRT","WAGEGAP","EMPLOYEE","PC","A","2011",15.248122552,
"PRT","WAGEGAP","EMPLOYEE","PC","A","2012",16.315464897,
"PRT","WAGEGAP","EMPLOYEE","PC","A","2013",16.666666667,
"PRT","WAGEGAP","EMPLOYEE","PC","A","2014",18.879690138,
"PRT","WAGEGAP","EMPLOYEE","PC","A","2015",18.917016404,
"PRT","WAGEGAP","EMPLOYEE","PC","A","2016",14.313146076,
"PRT","WAGEGAP","EMPLOYEE","PC","A","2017",14.773510708,
"SVK","WAGEGAP","SELFEMPLOYED","PC","A","2004",21,
"SVK","WAGEGAP","SELFEMPLOYED","PC","A","2005",20,
"SVK","WAGEGAP","SELFEMPLOYED","PC","A","2006",24,
"SVK","WAGEGAP","SELFEMPLOYED","PC","A","2007",27,
"SVK","WAGEGAP","SELFEMPLOYED","PC","A","2008",30,
"SVK","WAGEGAP","SELFEMPLOYED","PC","A","2009",32,
"SVK","WAGEGAP","SELFEMPLOYED","PC","A","2010",31,
"SVK","WAGEGAP","SELFEMPLOYED","PC","A","2011",32,
"SVK","WAGEGAP","SELFEMPLOYED","PC","A","2012",32,
"SVK","WAGEGAP","SELFEMPLOYED","PC","A","2013",35,
"SVK","WAGEGAP","SELFEMPLOYED","PC","A","2014",32,
"SVK","WAGEGAP","SELFEMPLOYED","PC","A","2015",26,
"SVK","WAGEGAP","SELFEMPLOYED","PC","A","2016",19,
"SVK","WAGEGAP","EMPLOYEE","PC","A","2002",20.355160932,
"SVK","WAGEGAP","EMPLOYEE","PC","A","2003",20.689655172,
"SVK","WAGEGAP","EMPLOYEE","PC","A","2004",20.88376561,
"SVK","WAGEGAP","EMPLOYEE","PC","A","2005",20.099255583,
"SVK","WAGEGAP","EMPLOYEE","PC","A","2006",17.802768166,
"SVK","WAGEGAP","EMPLOYEE","PC","A","2007",17.521704815,
"SVK","WAGEGAP","EMPLOYEE","PC","A","2008",16.444769568,
"SVK","WAGEGAP","EMPLOYEE","PC","A","2009",16.432721259,
"SVK","WAGEGAP","EMPLOYEE","PC","A","2010",14.851117649,
"SVK","WAGEGAP","EMPLOYEE","PC","A","2011",15.449856429,
"SVK","WAGEGAP","EMPLOYEE","PC","A","2012",15.965269161,
"SVK","WAGEGAP","EMPLOYEE","PC","A","2013",14.109329757,
"SVK","WAGEGAP","EMPLOYEE","PC","A","2014",14.350047529,
"SVK","WAGEGAP","EMPLOYEE","PC","A","2015",13.376624885,
"SVK","WAGEGAP","EMPLOYEE","PC","A","2016",13.899182143,
"SVK","WAGEGAP","EMPLOYEE","PC","A","2017",15.040042332,
"ESP","WAGEGAP","SELFEMPLOYED","PC","A","2005",39,
"ESP","WAGEGAP","SELFEMPLOYED","PC","A","2006",38,
"ESP","WAGEGAP","SELFEMPLOYED","PC","A","2007",36,
"ESP","WAGEGAP","SELFEMPLOYED","PC","A","2008",32,
"ESP","WAGEGAP","SELFEMPLOYED","PC","A","2009",30,
"ESP","WAGEGAP","SELFEMPLOYED","PC","A","2010",25,
"ESP","WAGEGAP","SELFEMPLOYED","PC","A","2011",23,
"ESP","WAGEGAP","SELFEMPLOYED","PC","A","2012",23,
"ESP","WAGEGAP","SELFEMPLOYED","PC","A","2013",25,
"ESP","WAGEGAP","SELFEMPLOYED","PC","A","2014",29,
"ESP","WAGEGAP","SELFEMPLOYED","PC","A","2015",27,
"ESP","WAGEGAP","SELFEMPLOYED","PC","A","2016",28,
"ESP","WAGEGAP","EMPLOYEE","PC","A","2002",17.161961367,
"ESP","WAGEGAP","EMPLOYEE","PC","A","2006",13.533333333,
"ESP","WAGEGAP","EMPLOYEE","PC","A","2010",13.504464286,
"ESP","WAGEGAP","EMPLOYEE","PC","A","2014",11.540497618,
"SWE","WAGEGAP","SELFEMPLOYED","PC","A","2003",6,
"SWE","WAGEGAP","SELFEMPLOYED","PC","A","2004",13,
"SWE","WAGEGAP","SELFEMPLOYED","PC","A","2005",18,
"SWE","WAGEGAP","SELFEMPLOYED","PC","A","2006",20,
"SWE","WAGEGAP","SELFEMPLOYED","PC","A","2007",12,
"SWE","WAGEGAP","SELFEMPLOYED","PC","A","2008",10,
"SWE","WAGEGAP","SELFEMPLOYED","PC","A","2009",16,
"SWE","WAGEGAP","SELFEMPLOYED","PC","A","2010",18,
"SWE","WAGEGAP","SELFEMPLOYED","PC","A","2011",18,
"SWE","WAGEGAP","SELFEMPLOYED","PC","A","2012",13,
"SWE","WAGEGAP","SELFEMPLOYED","PC","A","2013",18,
"SWE","WAGEGAP","SELFEMPLOYED","PC","A","2014",15,
"SWE","WAGEGAP","SELFEMPLOYED","PC","A","2015",16,
"SWE","WAGEGAP","SELFEMPLOYED","PC","A","2016",10,
"SWE","WAGEGAP","EMPLOYEE","PC","A","1995",9.6774193548,
"SWE","WAGEGAP","EMPLOYEE","PC","A","1996",11.515151515,
"SWE","WAGEGAP","EMPLOYEE","PC","A","1997",11.560693642,
"SWE","WAGEGAP","EMPLOYEE","PC","A","1998",12.777777778,
"SWE","WAGEGAP","EMPLOYEE","PC","A","1999",11.827956989,
"SWE","WAGEGAP","EMPLOYEE","PC","A","2000",12.371134021,
"SWE","WAGEGAP","EMPLOYEE","PC","A","2001",12.376237624,
"SWE","WAGEGAP","EMPLOYEE","PC","A","2002",11.904761905,
"SWE","WAGEGAP","EMPLOYEE","PC","A","2003",11.520737327,
"SWE","WAGEGAP","EMPLOYEE","PC","A","2004",10.762331839,
"SWE","WAGEGAP","EMPLOYEE","PC","A","2005",11.304347826,
"SWE","WAGEGAP","EMPLOYEE","PC","A","2006",11.016949153,
"SWE","WAGEGAP","EMPLOYEE","PC","A","2007",11.836734694,
"SWE","WAGEGAP","EMPLOYEE","PC","A","2008",10.588235294,
"SWE","WAGEGAP","EMPLOYEE","PC","A","2009",9.5419847328,
"SWE","WAGEGAP","EMPLOYEE","PC","A","2010",9.3632958801,
"SWE","WAGEGAP","EMPLOYEE","PC","A","2011",9.1575091575,
"SWE","WAGEGAP","EMPLOYEE","PC","A","2012",9.2857142857,
"SWE","WAGEGAP","EMPLOYEE","PC","A","2013",9.375,
"SWE","WAGEGAP","EMPLOYEE","PC","A","2014",9.1525423729,
"SWE","WAGEGAP","EMPLOYEE","PC","A","2015",8.3333333333,
"SWE","WAGEGAP","EMPLOYEE","PC","A","2016",8.1699346405,
"SWE","WAGEGAP","EMPLOYEE","PC","A","2017",7.3482428115,
"CHE","WAGEGAP","SELFEMPLOYED","PC","A","2007",58,
"CHE","WAGEGAP","SELFEMPLOYED","PC","A","2008",56,
"CHE","WAGEGAP","SELFEMPLOYED","PC","A","2009",51,
"CHE","WAGEGAP","SELFEMPLOYED","PC","A","2010",51,
"CHE","WAGEGAP","SELFEMPLOYED","PC","A","2011",49,
"CHE","WAGEGAP","SELFEMPLOYED","PC","A","2012",50,
"CHE","WAGEGAP","SELFEMPLOYED","PC","A","2013",48,
"CHE","WAGEGAP","SELFEMPLOYED","PC","A","2014",42.33631,
"CHE","WAGEGAP","SELFEMPLOYED","PC","A","2015",42,
"CHE","WAGEGAP","EMPLOYEE","PC","A","1996",25.472027972,
"CHE","WAGEGAP","EMPLOYEE","PC","A","1998",24.122427806,
"CHE","WAGEGAP","EMPLOYEE","PC","A","2000",23.787141178,
"CHE","WAGEGAP","EMPLOYEE","PC","A","2002",22.801619433,
"CHE","WAGEGAP","EMPLOYEE","PC","A","2004",22.012478004,
"CHE","WAGEGAP","EMPLOYEE","PC","A","2006",21.318132126,
"CHE","WAGEGAP","EMPLOYEE","PC","A","2008",21.307506053,
"CHE","WAGEGAP","EMPLOYEE","PC","A","2010",20.053595355,
"CHE","WAGEGAP","EMPLOYEE","PC","A","2012",19.343526441,
"CHE","WAGEGAP","EMPLOYEE","PC","A","2014",16.940742841,
"CHE","WAGEGAP","EMPLOYEE","PC","A","2016",14.762372073,
"TUR","WAGEGAP","EMPLOYEE","PC","A","2006",3.2069970845,
"TUR","WAGEGAP","EMPLOYEE","PC","A","2010",3.1042128603,
"TUR","WAGEGAP","EMPLOYEE","PC","A","2014",6.8825910931,
"GBR","WAGEGAP","SELFEMPLOYED","PC","A","2004",46,
"GBR","WAGEGAP","SELFEMPLOYED","PC","A","2005",45,
"GBR","WAGEGAP","SELFEMPLOYED","PC","A","2006",44,
"GBR","WAGEGAP","SELFEMPLOYED","PC","A","2007",40,
"GBR","WAGEGAP","SELFEMPLOYED","PC","A","2008",38,
"GBR","WAGEGAP","SELFEMPLOYED","PC","A","2009",38,
"GBR","WAGEGAP","SELFEMPLOYED","PC","A","2010",40,
"GBR","WAGEGAP","SELFEMPLOYED","PC","A","2011",40,
"GBR","WAGEGAP","SELFEMPLOYED","PC","A","2012",36,
"GBR","WAGEGAP","SELFEMPLOYED","PC","A","2013",33,
"GBR","WAGEGAP","SELFEMPLOYED","PC","A","2014",32,
"GBR","WAGEGAP","SELFEMPLOYED","PC","A","2015",33,
"GBR","WAGEGAP","EMPLOYEE","PC","A","1970",47.578039176,
"GBR","WAGEGAP","EMPLOYEE","PC","A","1971",45.527421847,
"GBR","WAGEGAP","EMPLOYEE","PC","A","1972",45.677794733,
"GBR","WAGEGAP","EMPLOYEE","PC","A","1973",46.378726414,
"GBR","WAGEGAP","EMPLOYEE","PC","A","1974",44.422234328,
"GBR","WAGEGAP","EMPLOYEE","PC","A","1975",39.855414721,
"GBR","WAGEGAP","EMPLOYEE","PC","A","1976",36.550301936,
"GBR","WAGEGAP","EMPLOYEE","PC","A","1977",35.78836762,
"GBR","WAGEGAP","EMPLOYEE","PC","A","1978",37.474868762,
"GBR","WAGEGAP","EMPLOYEE","PC","A","1979",38.295239524,
"GBR","WAGEGAP","EMPLOYEE","PC","A","1980",36.688585971,
"GBR","WAGEGAP","EMPLOYEE","PC","A","1981",35.426812299,
"GBR","WAGEGAP","EMPLOYEE","PC","A","1982",35.659619489,
"GBR","WAGEGAP","EMPLOYEE","PC","A","1983",34.567281919,
"GBR","WAGEGAP","EMPLOYEE","PC","A","1984",35.081526592,
"GBR","WAGEGAP","EMPLOYEE","PC","A","1985",35.120114368,
"GBR","WAGEGAP","EMPLOYEE","PC","A","1986",34.938506319,
"GBR","WAGEGAP","EMPLOYEE","PC","A","1987",34.512954388,
"GBR","WAGEGAP","EMPLOYEE","PC","A","1988",34.045729488,
"GBR","WAGEGAP","EMPLOYEE","PC","A","1989",33.730659166,
"GBR","WAGEGAP","EMPLOYEE","PC","A","1990",32.744955954,
"GBR","WAGEGAP","EMPLOYEE","PC","A","1991",31.075478051,
"GBR","WAGEGAP","EMPLOYEE","PC","A","1992",29.9466794,
"GBR","WAGEGAP","EMPLOYEE","PC","A","1993",28.719019259,
"GBR","WAGEGAP","EMPLOYEE","PC","A","1994",28.079718536,
"GBR","WAGEGAP","EMPLOYEE","PC","A","1995",28.192834913,
"GBR","WAGEGAP","EMPLOYEE","PC","A","1996",27.218410885,
"GBR","WAGEGAP","EMPLOYEE","PC","A","1997",26.919070154,
"GBR","WAGEGAP","EMPLOYEE","PC","A","1998",27.035294221,
"GBR","WAGEGAP","EMPLOYEE","PC","A","1999",26.089728423,
"GBR","WAGEGAP","EMPLOYEE","PC","A","2000",26.280313829,
"GBR","WAGEGAP","EMPLOYEE","PC","A","2001",25.639645899,
"GBR","WAGEGAP","EMPLOYEE","PC","A","2002",24.379099435,
"GBR","WAGEGAP","EMPLOYEE","PC","A","2003",24.124467087,
"GBR","WAGEGAP","EMPLOYEE","PC","A","2004",23.358740969,
"GBR","WAGEGAP","EMPLOYEE","PC","A","2005",22.0639582,
"GBR","WAGEGAP","EMPLOYEE","PC","A","2006",21.718084024,
"GBR","WAGEGAP","EMPLOYEE","PC","A","2007",21.634780707,
"GBR","WAGEGAP","EMPLOYEE","PC","A","2008",21.857869108,
"GBR","WAGEGAP","EMPLOYEE","PC","A","2009",20.686295954,
"GBR","WAGEGAP","EMPLOYEE","PC","A","2010",19.231436918,
"GBR","WAGEGAP","EMPLOYEE","PC","A","2011",18.246005203,
"GBR","WAGEGAP","EMPLOYEE","PC","A","2012",17.783882784,
"GBR","WAGEGAP","EMPLOYEE","PC","A","2013",17.482014388,
"GBR","WAGEGAP","EMPLOYEE","PC","A","2014",17.382742571,
"GBR","WAGEGAP","EMPLOYEE","PC","A","2015",17.101551481,
"GBR","WAGEGAP","EMPLOYEE","PC","A","2016",16.796536797,
"GBR","WAGEGAP","EMPLOYEE","PC","A","2017",16.534100525,
"GBR","WAGEGAP","EMPLOYEE","PC","A","2018",16.403940887,
"USA","WAGEGAP","SELFEMPLOYED","PC","A","2005",63.2,
"USA","WAGEGAP","SELFEMPLOYED","PC","A","2006",63,
"USA","WAGEGAP","SELFEMPLOYED","PC","A","2007",62.3,
"USA","WAGEGAP","SELFEMPLOYED","PC","A","2008",61.8,
"USA","WAGEGAP","SELFEMPLOYED","PC","A","2009",60.1,
"USA","WAGEGAP","SELFEMPLOYED","PC","A","2010",59.5,
"USA","WAGEGAP","SELFEMPLOYED","PC","A","2011",58.3,
"USA","WAGEGAP","SELFEMPLOYED","PC","A","2012",58.3,
"USA","WAGEGAP","SELFEMPLOYED","PC","A","2013",57.4,
"USA","WAGEGAP","SELFEMPLOYED","PC","A","2014",57.2,
"USA","WAGEGAP","SELFEMPLOYED","PC","A","2015",56,
"USA","WAGEGAP","SELFEMPLOYED","PC","A","2016",56,
"USA","WAGEGAP","EMPLOYEE","PC","A","1973",38.110403397,
"USA","WAGEGAP","EMPLOYEE","PC","A","1974",39.100684262,
"USA","WAGEGAP","EMPLOYEE","PC","A","1975",37.63003166,
"USA","WAGEGAP","EMPLOYEE","PC","A","1976",37.755972696,
"USA","WAGEGAP","EMPLOYEE","PC","A","1977",38.224852071,
"USA","WAGEGAP","EMPLOYEE","PC","A","1978",38.972477064,
"USA","WAGEGAP","EMPLOYEE","PC","A","1979",37.641950568,
"USA","WAGEGAP","EMPLOYEE","PC","A","1980",36.552151037,
"USA","WAGEGAP","EMPLOYEE","PC","A","1981",35.174000575,
"USA","WAGEGAP","EMPLOYEE","PC","A","1982",34.724091521,
"USA","WAGEGAP","EMPLOYEE","PC","A","1983",34.286450283,
"USA","WAGEGAP","EMPLOYEE","PC","A","1984",33.432171979,
"USA","WAGEGAP","EMPLOYEE","PC","A","1985",32.978219697,
"USA","WAGEGAP","EMPLOYEE","PC","A","1986",32.190214906,
"USA","WAGEGAP","EMPLOYEE","PC","A","1987",31.022222222,
"USA","WAGEGAP","EMPLOYEE","PC","A","1988",30.069174233,
"USA","WAGEGAP","EMPLOYEE","PC","A","1989",29.36357908,
"USA","WAGEGAP","EMPLOYEE","PC","A","1990",28.455449564,
"USA","WAGEGAP","EMPLOYEE","PC","A","1991",26.571091909,
"USA","WAGEGAP","EMPLOYEE","PC","A","1992",25.057736721,
"USA","WAGEGAP","EMPLOYEE","PC","A","1993",23.876404494,
"USA","WAGEGAP","EMPLOYEE","PC","A","1994",23.884514436,
"USA","WAGEGAP","EMPLOYEE","PC","A","1995",24.579985391,
"USA","WAGEGAP","EMPLOYEE","PC","A","1996",23.823948681,
"USA","WAGEGAP","EMPLOYEE","PC","A","1997",23.786491622,
"USA","WAGEGAP","EMPLOYEE","PC","A","1998",23.745819398,
"USA","WAGEGAP","EMPLOYEE","PC","A","1999",23.462783172,
"USA","WAGEGAP","EMPLOYEE","PC","A","2000",23.088923557,
"USA","WAGEGAP","EMPLOYEE","PC","A","2001",23.582089552,
"USA","WAGEGAP","EMPLOYEE","PC","A","2002",22.091310751,
"USA","WAGEGAP","EMPLOYEE","PC","A","2003",20.575539568,
"USA","WAGEGAP","EMPLOYEE","PC","A","2004",19.635343619,
"USA","WAGEGAP","EMPLOYEE","PC","A","2005",18.975069252,
"USA","WAGEGAP","EMPLOYEE","PC","A","2006",19.246298789,
"USA","WAGEGAP","EMPLOYEE","PC","A","2007",19.843342037,
"USA","WAGEGAP","EMPLOYEE","PC","A","2008",20.050125313,
"USA","WAGEGAP","EMPLOYEE","PC","A","2009",19.78021978,
"USA","WAGEGAP","EMPLOYEE","PC","A","2010",18.810679612,
"USA","WAGEGAP","EMPLOYEE","PC","A","2011",17.788461538,
"USA","WAGEGAP","EMPLOYEE","PC","A","2012",19.086651054,
"USA","WAGEGAP","EMPLOYEE","PC","A","2013",17.906976744,
"USA","WAGEGAP","EMPLOYEE","PC","A","2014",17.451205511,
"USA","WAGEGAP","EMPLOYEE","PC","A","2015",18.882681564,
"USA","WAGEGAP","EMPLOYEE","PC","A","2016",18.142076503,
"USA","WAGEGAP","EMPLOYEE","PC","A","2017",18.172157279,
"BGR","WAGEGAP","EMPLOYEE","PC","A","2002",13.095606436,
"BGR","WAGEGAP","EMPLOYEE","PC","A","2006",1.3793103448,
"BGR","WAGEGAP","EMPLOYEE","PC","A","2010",6.9343065693,
"BGR","WAGEGAP","EMPLOYEE","PC","A","2014",4.0625,
"CHL","WAGEGAP","EMPLOYEE","PC","A","1998",14.285714286,
"CHL","WAGEGAP","EMPLOYEE","PC","A","2000",6.0729,
"CHL","WAGEGAP","EMPLOYEE","PC","A","2003",1.6831838918,
"CHL","WAGEGAP","EMPLOYEE","PC","A","2006",5.5555555556,
"CHL","WAGEGAP","EMPLOYEE","PC","A","2009",9.0909090909,
"CHL","WAGEGAP","EMPLOYEE","PC","A","2011",16,
"CHL","WAGEGAP","EMPLOYEE","PC","A","2013",10.666666667,
"CHL","WAGEGAP","EMPLOYEE","PC","A","2015",14.285714286,
"CHL","WAGEGAP","EMPLOYEE","PC","A","2017",12.5,
"COL","WAGEGAP","EMPLOYEE","PC","A","2007",1.3393170184,
"COL","WAGEGAP","EMPLOYEE","PC","A","2008",1.7396907216,
"COL","WAGEGAP","EMPLOYEE","PC","A","2009",3.3846751713,
"COL","WAGEGAP","EMPLOYEE","PC","A","2010",6.4305555556,
"COL","WAGEGAP","EMPLOYEE","PC","A","2011",3.5348084188,
"COL","WAGEGAP","EMPLOYEE","PC","A","2012",8.1979467756,
"COL","WAGEGAP","EMPLOYEE","PC","A","2013",7.1428571429,
"COL","WAGEGAP","EMPLOYEE","PC","A","2014",9.6,
"COL","WAGEGAP","EMPLOYEE","PC","A","2015",11.141715728,
"COL","WAGEGAP","EMPLOYEE","PC","A","2016",7.0917506686,
"COL","WAGEGAP","EMPLOYEE","PC","A","2017",7.6923076923,
"COL","WAGEGAP","EMPLOYEE","PC","A","2018",5.7879259259,
"CRI","WAGEGAP","EMPLOYEE","PC","A","2010",0,
"CRI","WAGEGAP","EMPLOYEE","PC","A","2011",4.6306818182,
"CRI","WAGEGAP","EMPLOYEE","PC","A","2012",0.5524861878,
"CRI","WAGEGAP","EMPLOYEE","PC","A","2013",0,
"CRI","WAGEGAP","EMPLOYEE","PC","A","2014",5.1497005988,
"CRI","WAGEGAP","EMPLOYEE","PC","A","2015",3.7037037037,
"CRI","WAGEGAP","EMPLOYEE","PC","A","2016",1.7857142857,
"CRI","WAGEGAP","EMPLOYEE","PC","A","2017",2.967032967,
"CRI","WAGEGAP","EMPLOYEE","PC","A","2018",4.7252747253,
"HRV","WAGEGAP","EMPLOYEE","PC","A","2010",3.8323353293,
"CYP","WAGEGAP","EMPLOYEE","PC","A","2002",31.399946315,
"CYP","WAGEGAP","EMPLOYEE","PC","A","2006",30.26689381,
"CYP","WAGEGAP","EMPLOYEE","PC","A","2010",24.600990644,
"CYP","WAGEGAP","EMPLOYEE","PC","A","2014",13.409234662,
"EST","WAGEGAP","SELFEMPLOYED","PC","A","2003",19,
"EST","WAGEGAP","SELFEMPLOYED","PC","A","2004",14,
"EST","WAGEGAP","SELFEMPLOYED","PC","A","2005",9,
"EST","WAGEGAP","SELFEMPLOYED","PC","A","2006",2,
"EST","WAGEGAP","SELFEMPLOYED","PC","A","2007",-7,
"EST","WAGEGAP","SELFEMPLOYED","PC","A","2008",-23,
"EST","WAGEGAP","SELFEMPLOYED","PC","A","2009",-28,
"EST","WAGEGAP","SELFEMPLOYED","PC","A","2010",-30,
"EST","WAGEGAP","SELFEMPLOYED","PC","A","2011",-26,
"EST","WAGEGAP","SELFEMPLOYED","PC","A","2012",-24,
"EST","WAGEGAP","SELFEMPLOYED","PC","A","2013",-22,
"EST","WAGEGAP","SELFEMPLOYED","PC","A","2014",-25,
"EST","WAGEGAP","SELFEMPLOYED","PC","A","2015",-19,
"EST","WAGEGAP","SELFEMPLOYED","PC","A","2016",-16,
"EST","WAGEGAP","EMPLOYEE","PC","A","2002",25.000651941,
"EST","WAGEGAP","EMPLOYEE","PC","A","2006",29.6875,
"EST","WAGEGAP","EMPLOYEE","PC","A","2010",27.797833935,
"EST","WAGEGAP","EMPLOYEE","PC","A","2014",28.339350181,
"ISR","WAGEGAP","EMPLOYEE","PC","A","2001",27.974718329,
"ISR","WAGEGAP","EMPLOYEE","PC","A","2002",24.207612457,
"ISR","WAGEGAP","EMPLOYEE","PC","A","2003",25.325311319,
"ISR","WAGEGAP","EMPLOYEE","PC","A","2004",25.013528139,
"ISR","WAGEGAP","EMPLOYEE","PC","A","2005",21.924398625,
"ISR","WAGEGAP","EMPLOYEE","PC","A","2006",21.955215729,
"ISR","WAGEGAP","EMPLOYEE","PC","A","2007",20.40924794,
"ISR","WAGEGAP","EMPLOYEE","PC","A","2008",22.058823529,
"ISR","WAGEGAP","EMPLOYEE","PC","A","2009",21.13599802,
"ISR","WAGEGAP","EMPLOYEE","PC","A","2010",20.391577392,
"ISR","WAGEGAP","EMPLOYEE","PC","A","2011",19.659666908,
"ISR","WAGEGAP","EMPLOYEE","PC","A","2012",20,
"ISR","WAGEGAP","EMPLOYEE","PC","A","2013",20.345901815,
"ISR","WAGEGAP","EMPLOYEE","PC","A","2014",20.108141196,
"ISR","WAGEGAP","EMPLOYEE","PC","A","2015",20.439189189,
"ISR","WAGEGAP","EMPLOYEE","PC","A","2016",21.593332041,
"ISR","WAGEGAP","EMPLOYEE","PC","A","2017",21.791789941,
"LVA","WAGEGAP","SELFEMPLOYED","PC","A","2006",18,
"LVA","WAGEGAP","SELFEMPLOYED","PC","A","2007",23,
"LVA","WAGEGAP","SELFEMPLOYED","PC","A","2008",25,
"LVA","WAGEGAP","SELFEMPLOYED","PC","A","2009",23,
"LVA","WAGEGAP","SELFEMPLOYED","PC","A","2010",19,
"LVA","WAGEGAP","SELFEMPLOYED","PC","A","2011",22,
"LVA","WAGEGAP","SELFEMPLOYED","PC","A","2012",21,
"LVA","WAGEGAP","SELFEMPLOYED","PC","A","2013",21,
"LVA","WAGEGAP","SELFEMPLOYED","PC","A","2014",19,
"LVA","WAGEGAP","SELFEMPLOYED","PC","A","2015",21,
"LVA","WAGEGAP","SELFEMPLOYED","PC","A","2016",19,
"LVA","WAGEGAP","EMPLOYEE","PC","A","2002",18.919555573,
"LVA","WAGEGAP","EMPLOYEE","PC","A","2006",10.991957105,
"LVA","WAGEGAP","EMPLOYEE","PC","A","2010",19.055649241,
"LVA","WAGEGAP","EMPLOYEE","PC","A","2014",21.122994652,
"LTU","WAGEGAP","SELFEMPLOYED","PC","A","2004",30,
"LTU","WAGEGAP","SELFEMPLOYED","PC","A","2005",28,
"LTU","WAGEGAP","SELFEMPLOYED","PC","A","2006",21,
"LTU","WAGEGAP","SELFEMPLOYED","PC","A","2007",17,
"LTU","WAGEGAP","SELFEMPLOYED","PC","A","2008",7,
"LTU","WAGEGAP","SELFEMPLOYED","PC","A","2009",3,
"LTU","WAGEGAP","SELFEMPLOYED","PC","A","2010",-3,
"LTU","WAGEGAP","SELFEMPLOYED","PC","A","2011",8,
"LTU","WAGEGAP","SELFEMPLOYED","PC","A","2012",6,
"LTU","WAGEGAP","SELFEMPLOYED","PC","A","2013",15,
"LTU","WAGEGAP","SELFEMPLOYED","PC","A","2014",10,
"LTU","WAGEGAP","SELFEMPLOYED","PC","A","2015",16,
"LTU","WAGEGAP","SELFEMPLOYED","PC","A","2016",13,
"LTU","WAGEGAP","EMPLOYEE","PC","A","2002",14.631356373,
"LTU","WAGEGAP","EMPLOYEE","PC","A","2006",15.952380952,
"LTU","WAGEGAP","EMPLOYEE","PC","A","2010",10.642570281,
"LTU","WAGEGAP","EMPLOYEE","PC","A","2014",12.479740681,
"MLT","WAGEGAP","EMPLOYEE","PC","A","2002",13.555733265,
"MLT","WAGEGAP","EMPLOYEE","PC","A","2006",7.4407195421,
"MLT","WAGEGAP","EMPLOYEE","PC","A","2010",7.0678796361,
"MLT","WAGEGAP","EMPLOYEE","PC","A","2014",8.9894606324,
"ROU","WAGEGAP","EMPLOYEE","PC","A","2002",15.604151223,
"ROU","WAGEGAP","EMPLOYEE","PC","A","2006",9.5419847328,
"ROU","WAGEGAP","EMPLOYEE","PC","A","2010",9.6317280453,
"ROU","WAGEGAP","EMPLOYEE","PC","A","2014",1.5463917526,
"SVN","WAGEGAP","SELFEMPLOYED","PC","A","2004",29,
"SVN","WAGEGAP","SELFEMPLOYED","PC","A","2005",30,
"SVN","WAGEGAP","SELFEMPLOYED","PC","A","2006",29,
"SVN","WAGEGAP","SELFEMPLOYED","PC","A","2007",29,
"SVN","WAGEGAP","SELFEMPLOYED","PC","A","2008",28,
"SVN","WAGEGAP","SELFEMPLOYED","PC","A","2009",30,
"SVN","WAGEGAP","SELFEMPLOYED","PC","A","2010",33,
"SVN","WAGEGAP","SELFEMPLOYED","PC","A","2011",34,
"SVN","WAGEGAP","SELFEMPLOYED","PC","A","2012",31,
"SVN","WAGEGAP","SELFEMPLOYED","PC","A","2013",31,
"SVN","WAGEGAP","SELFEMPLOYED","PC","A","2014",30,
"SVN","WAGEGAP","SELFEMPLOYED","PC","A","2015",32,
"SVN","WAGEGAP","SELFEMPLOYED","PC","A","2016",31,
"SVN","WAGEGAP","EMPLOYEE","PC","A","2002",9.4052412234,
"SVN","WAGEGAP","EMPLOYEE","PC","A","2006",7.2205736894,
"SVN","WAGEGAP","EMPLOYEE","PC","A","2010",0.9917355372,
"SVN","WAGEGAP","EMPLOYEE","PC","A","2014",4.9962714392,
"EU28","WAGEGAP","EMPLOYEE","PC","A","2006",20.285714286,
"EU28","WAGEGAP","EMPLOYEE","PC","A","2010",18.909090909,
"EU28","WAGEGAP","EMPLOYEE","PC","A","2014",19.126566923,
"OECD","WAGEGAP","EMPLOYEE","PC","A","1995",19.5942956116851,
"OECD","WAGEGAP","EMPLOYEE","PC","A","1996",19.7716460301532,
"OECD","WAGEGAP","EMPLOYEE","PC","A","1997",18.9331697978746,
"OECD","WAGEGAP","EMPLOYEE","PC","A","1998",18.6407071487929,
"OECD","WAGEGAP","EMPLOYEE","PC","A","1999",18.1904841065689,
"OECD","WAGEGAP","EMPLOYEE","PC","A","2000",17.8566686534126,
"OECD","WAGEGAP","EMPLOYEE","PC","A","2001",17.616854705086,
"OECD","WAGEGAP","EMPLOYEE","PC","A","2002",16.8762150892848,
"OECD","WAGEGAP","EMPLOYEE","PC","A","2003",16.3701158098422,
"OECD","WAGEGAP","EMPLOYEE","PC","A","2004",16.0693933043751,
"OECD","WAGEGAP","EMPLOYEE","PC","A","2005",15.8369842001463,
"OECD","WAGEGAP","EMPLOYEE","PC","A","2006",15.1566974111944,
"OECD","WAGEGAP","EMPLOYEE","PC","A","2007",15.666345944428,
"OECD","WAGEGAP","EMPLOYEE","PC","A","2008",15.7051335286282,
"OECD","WAGEGAP","EMPLOYEE","PC","A","2009",15.1346069044055,
"OECD","WAGEGAP","EMPLOYEE","PC","A","2010",14.3242601598918,
"OECD","WAGEGAP","EMPLOYEE","PC","A","2011",14.3437888790016,
"OECD","WAGEGAP","EMPLOYEE","PC","A","2012",14.2345364258437,
"OECD","WAGEGAP","EMPLOYEE","PC","A","2013",14.5519408617591,
"OECD","WAGEGAP","EMPLOYEE","PC","A","2014",14.0726497662681,
"OECD","WAGEGAP","EMPLOYEE","PC","A","2015",14.008352571677,
"OECD","WAGEGAP","EMPLOYEE","PC","A","2016",13.2587751804162,
"OECD","WAGEGAP","EMPLOYEE","PC","A","2017",13.4526865863954,
