"OBJECTID","ID_0","ISO","NAME_0","ID_1","NAME_1","ID_2","NAME_2","TYPE_2","ENGTYPE_2","NL_NAME_2","VARNAME_2"
1,235,"TUR","Turkey",1,"Çanakkale",1,"Çan","District","District",NA,NA
2,235,"TUR","Turkey",1,"Çanakkale",2,"Ayvacik","District","District",NA,NA
3,235,"TUR","Turkey",1,"Çanakkale",3,"Bayramiç","District","District",NA,NA
4,235,"TUR","Turkey",1,"Çanakkale",4,"Biga","District","District",NA,NA
5,235,"TUR","Turkey",1,"Çanakkale",5,"Bozcaada","District","District",NA,NA
6,235,"TUR","Turkey",1,"Çanakkale",6,"Eceabat","District","District",NA,NA
7,235,"TUR","Turkey",1,"Çanakkale",7,"Ezine","District","District",NA,NA
8,235,"TUR","Turkey",1,"Çanakkale",8,"Gökçeada","District","District",NA,NA
9,235,"TUR","Turkey",1,"Çanakkale",9,"Gelibolu","District","District",NA,NA
10,235,"TUR","Turkey",1,"Çanakkale",10,"Lapseki","District","District",NA,NA
11,235,"TUR","Turkey",1,"Çanakkale",11,"Merkez","District","District",NA,"Çanakkale"
12,235,"TUR","Turkey",1,"Çanakkale",12,"Yenice","District","District",NA,NA
13,235,"TUR","Turkey",2,"Çankiri",13,"Çerkes","District","District",NA,NA
14,235,"TUR","Turkey",2,"Çankiri",14,"Atkaracalar","District","District",NA,NA
15,235,"TUR","Turkey",2,"Çankiri",15,"Sabanözü","District","District",NA,NA
16,235,"TUR","Turkey",2,"Çankiri",16,"Bayramören","District","District",NA,NA
17,235,"TUR","Turkey",2,"Çankiri",17,"Eldivan","District","District",NA,NA
18,235,"TUR","Turkey",2,"Çankiri",18,"Ilgaz","District","District",NA,NA
19,235,"TUR","Turkey",2,"Çankiri",19,"Kizilirmak","District","District",NA,NA
20,235,"TUR","Turkey",2,"Çankiri",20,"Korgun","District","District",NA,NA
21,235,"TUR","Turkey",2,"Çankiri",21,"Kursunlu","District","District",NA,NA
22,235,"TUR","Turkey",2,"Çankiri",22,"Merkez","District","District",NA,"Çankiri"
23,235,"TUR","Turkey",2,"Çankiri",23,"Orta","District","District",NA,NA
24,235,"TUR","Turkey",2,"Çankiri",24,"Yaprakli","District","District",NA,NA
25,235,"TUR","Turkey",3,"Çorum",25,"Iskilip","District","District",NA,NA
26,235,"TUR","Turkey",3,"Çorum",26,"Alaca","District","District",NA,NA
27,235,"TUR","Turkey",3,"Çorum",27,"Bayat","District","District",NA,NA
28,235,"TUR","Turkey",3,"Çorum",28,"Bogazkale","District","District",NA,NA
29,235,"TUR","Turkey",3,"Çorum",29,"Dodurga","District","District",NA,NA
30,235,"TUR","Turkey",3,"Çorum",30,"Kargi","District","District",NA,NA
31,235,"TUR","Turkey",3,"Çorum",31,"Laçin","District","District",NA,NA
32,235,"TUR","Turkey",3,"Çorum",32,"Mecitözü","District","District",NA,NA
33,235,"TUR","Turkey",3,"Çorum",33,"Merkez","District","District",NA,"Çorum"
34,235,"TUR","Turkey",3,"Çorum",34,"Oguzlar","District","District",NA,NA
35,235,"TUR","Turkey",3,"Çorum",35,"Ortaköy","District","District",NA,NA
36,235,"TUR","Turkey",3,"Çorum",36,"Osmancik","District","District",NA,NA
37,235,"TUR","Turkey",3,"Çorum",37,"Sungurlu","District","District",NA,NA
38,235,"TUR","Turkey",3,"Çorum",38,"Ugurludag","District","District",NA,NA
39,235,"TUR","Turkey",4,"Adana",39,"Imamoglu","District","District",NA,NA
40,235,"TUR","Turkey",4,"Adana",40,"Aladag","District","District",NA,NA
41,235,"TUR","Turkey",4,"Adana",41,"Ceyhan","District","District",NA,NA
42,235,"TUR","Turkey",4,"Adana",42,"Feke","District","District",NA,NA
43,235,"TUR","Turkey",4,"Adana",43,"Karaisali","District","District",NA,NA
44,235,"TUR","Turkey",4,"Adana",44,"Karatas","District","District",NA,NA
45,235,"TUR","Turkey",4,"Adana",45,"Kozan","District","District",NA,NA
46,235,"TUR","Turkey",4,"Adana",46,"Pozanti","District","District",NA,NA
47,235,"TUR","Turkey",4,"Adana",47,"Saimbeyli","District","District",NA,NA
48,235,"TUR","Turkey",4,"Adana",48,"Seyhan","District","District",NA,NA
49,235,"TUR","Turkey",4,"Adana",49,"Tufanbeyli","District","District",NA,NA
50,235,"TUR","Turkey",4,"Adana",50,"Yüregir","District","District",NA,NA
51,235,"TUR","Turkey",4,"Adana",51,"Yumurtalik","District","District",NA,NA
52,235,"TUR","Turkey",5,"Adiyaman",52,"Çelikhan","District","District",NA,NA
53,235,"TUR","Turkey",5,"Adiyaman",53,"Besni","District","District",NA,NA
54,235,"TUR","Turkey",5,"Adiyaman",54,"Gölbasi","District","District",NA,NA
55,235,"TUR","Turkey",5,"Adiyaman",55,"Gerger","District","District",NA,NA
56,235,"TUR","Turkey",5,"Adiyaman",56,"Kahta","District","District",NA,NA
57,235,"TUR","Turkey",5,"Adiyaman",57,"Merkez","District","District",NA,"Adiyaman"
58,235,"TUR","Turkey",5,"Adiyaman",58,"Samsat","District","District",NA,NA
59,235,"TUR","Turkey",5,"Adiyaman",59,"Sincik","District","District",NA,NA
60,235,"TUR","Turkey",5,"Adiyaman",60,"Tut","District","District",NA,NA
61,235,"TUR","Turkey",6,"Afyon",61,"Ihsaniye","District","District",NA,NA
62,235,"TUR","Turkey",6,"Afyon",62,"Iscehisar","District","District",NA,NA
63,235,"TUR","Turkey",6,"Afyon",63,"Çay","District","District",NA,NA
64,235,"TUR","Turkey",6,"Afyon",64,"Çobanlar","District","District",NA,NA
65,235,"TUR","Turkey",6,"Afyon",65,"Suhut","District","District",NA,NA
66,235,"TUR","Turkey",6,"Afyon",66,"Basmakçi","District","District",NA,NA
67,235,"TUR","Turkey",6,"Afyon",67,"Bayat","District","District",NA,NA
68,235,"TUR","Turkey",6,"Afyon",68,"Bolvadin","District","District",NA,NA
69,235,"TUR","Turkey",6,"Afyon",69,"Dazkiri
","District","District",NA,NA
70,235,"TUR","Turkey",6,"Afyon",70,"Dinar","District","District",NA,NA
71,235,"TUR","Turkey",6,"Afyon",71,"Emirdag","District","District",NA,NA
72,235,"TUR","Turkey",6,"Afyon",72,"Evciler","District","District",NA,NA
73,235,"TUR","Turkey",6,"Afyon",73,"Hocalar","District","District",NA,NA
74,235,"TUR","Turkey",6,"Afyon",74,"Kizilören","District","District",NA,NA
75,235,"TUR","Turkey",6,"Afyon",75,"Merkez","District","District",NA,"Afyonkarahisar Merkez
"
76,235,"TUR","Turkey",6,"Afyon",76,"Sandikli","District","District",NA,NA
77,235,"TUR","Turkey",6,"Afyon",77,"Sincanli","District","District",NA,NA
78,235,"TUR","Turkey",6,"Afyon",78,"Sultandagi","District","District",NA,NA
79,235,"TUR","Turkey",7,"Agri",79,"Diyadin","District","District",NA,NA
80,235,"TUR","Turkey",7,"Agri",80,"Dogubeyazit","District","District",NA,NA
81,235,"TUR","Turkey",7,"Agri",81,"Eleskirt","District","District",NA,NA
82,235,"TUR","Turkey",7,"Agri",82,"Hamur","District","District",NA,NA
83,235,"TUR","Turkey",7,"Agri",83,"Merkez","District","District",NA,"Agri"
84,235,"TUR","Turkey",7,"Agri",84,"Patnos","District","District",NA,NA
85,235,"TUR","Turkey",7,"Agri",85,"Tasliçay","District","District",NA,NA
86,235,"TUR","Turkey",7,"Agri",86,"Tutak","District","District",NA,NA
87,235,"TUR","Turkey",8,"Aksaray",87,"Agaçören","District","District",NA,NA
88,235,"TUR","Turkey",8,"Aksaray",88,"Eskil","District","District",NA,NA
89,235,"TUR","Turkey",8,"Aksaray",89,"Gülagaç","District","District",NA,NA
90,235,"TUR","Turkey",8,"Aksaray",90,"Güzelyurt","District","District",NA,NA
91,235,"TUR","Turkey",8,"Aksaray",91,"Merkez","District","District",NA,"Aksaray"
92,235,"TUR","Turkey",8,"Aksaray",92,"Ortaköy","District","District",NA,NA
93,235,"TUR","Turkey",8,"Aksaray",93,"Sariyahsi
","District","District",NA,NA
94,235,"TUR","Turkey",9,"Amasya",94,"Göynücek","District","District",NA,NA
95,235,"TUR","Turkey",9,"Amasya",95,"Gümüshaciköy","District","District",NA,NA
96,235,"TUR","Turkey",9,"Amasya",96,"Hamamözü","District","District",NA,NA
97,235,"TUR","Turkey",9,"Amasya",97,"Merkez","District","District",NA,"Amasya"
98,235,"TUR","Turkey",9,"Amasya",98,"Merzifon","District","District",NA,NA
99,235,"TUR","Turkey",9,"Amasya",99,"Suluova","District","District",NA,NA
100,235,"TUR","Turkey",9,"Amasya",100,"Tasova","District","District",NA,NA
101,235,"TUR","Turkey",10,"Ankara",101,"Çamlidere","District","District",NA,NA
102,235,"TUR","Turkey",10,"Ankara",102,"Çankaya","District","District",NA,NA
103,235,"TUR","Turkey",10,"Ankara",103,"Çubuk","District","District",NA,NA
104,235,"TUR","Turkey",10,"Ankara",104,"Akyurt","District","District",NA,NA
105,235,"TUR","Turkey",10,"Ankara",105,"Altindag","District","District",NA,NA
106,235,"TUR","Turkey",10,"Ankara",106,"Ayas","District","District",NA,NA
107,235,"TUR","Turkey",10,"Ankara",107,"Sultan Koçhisar","District","District",NA,NA
108,235,"TUR","Turkey",10,"Ankara",108,"Bala","District","District",NA,NA
109,235,"TUR","Turkey",10,"Ankara",109,"Beypazari","District","District",NA,NA
110,235,"TUR","Turkey",10,"Ankara",110,"Elmadag","District","District",NA,NA
111,235,"TUR","Turkey",10,"Ankara",111,"Etimesgut","District","District",NA,NA
112,235,"TUR","Turkey",10,"Ankara",112,"Evren","District","District",NA,NA
113,235,"TUR","Turkey",10,"Ankara",113,"Gölbasi","District","District",NA,NA
114,235,"TUR","Turkey",10,"Ankara",114,"Güdül","District","District",NA,NA
115,235,"TUR","Turkey",10,"Ankara",115,"Haymana","District","District",NA,NA
116,235,"TUR","Turkey",10,"Ankara",116,"Kizilcahamam","District","District",NA,NA
117,235,"TUR","Turkey",10,"Ankara",117,"Kalecik","District","District",NA,NA
118,235,"TUR","Turkey",10,"Ankara",118,"Kazan","District","District",NA,NA
119,235,"TUR","Turkey",10,"Ankara",119,"Keçiören","District","District",NA,NA
120,235,"TUR","Turkey",10,"Ankara",120,"Mamak","District","District",NA,NA
121,235,"TUR","Turkey",10,"Ankara",121,"Nallihan","District","District",NA,NA
122,235,"TUR","Turkey",10,"Ankara",122,"Polatli","District","District",NA,NA
123,235,"TUR","Turkey",10,"Ankara",123,"Sincan
","District","District",NA,NA
124,235,"TUR","Turkey",10,"Ankara",124,"Yenimahalle","District","District",NA,NA
125,235,"TUR","Turkey",11,"Antalya",125,"Ibradi","District","District",NA,NA
126,235,"TUR","Turkey",11,"Antalya",126,"Akseki","District","District",NA,NA
127,235,"TUR","Turkey",11,"Antalya",127,"Alanya","District","District",NA,NA
128,235,"TUR","Turkey",11,"Antalya",128,"Elmali","District","District",NA,NA
129,235,"TUR","Turkey",11,"Antalya",129,"Finike","District","District",NA,NA
130,235,"TUR","Turkey",11,"Antalya",130,"Gündogmus","District","District",NA,NA
131,235,"TUR","Turkey",11,"Antalya",131,"Gazipasa","District","District",NA,NA
132,235,"TUR","Turkey",11,"Antalya",132,"Kas","District","District",NA,NA
133,235,"TUR","Turkey",11,"Antalya",133,"Kale","District","District",NA,NA
134,235,"TUR","Turkey",11,"Antalya",134,"Kemer","District","District",NA,NA
135,235,"TUR","Turkey",11,"Antalya",135,"Korkuteli","District","District",NA,NA
136,235,"TUR","Turkey",11,"Antalya",136,"Kumluca","District","District",NA,NA
137,235,"TUR","Turkey",11,"Antalya",137,"Manavgat","District","District",NA,NA
138,235,"TUR","Turkey",11,"Antalya",138,"Merkez","District","District",NA,"Antalya"
139,235,"TUR","Turkey",11,"Antalya",139,"Serik","District","District",NA,NA
140,235,"TUR","Turkey",12,"Ardahan",140,"Çildir","District","District",NA,NA
141,235,"TUR","Turkey",12,"Ardahan",141,"Damal","District","District",NA,NA
142,235,"TUR","Turkey",12,"Ardahan",142,"Göle","District","District",NA,NA
143,235,"TUR","Turkey",12,"Ardahan",143,"Hanak","District","District",NA,NA
144,235,"TUR","Turkey",12,"Ardahan",144,"Merkez","District","District",NA,"Ardahan"
145,235,"TUR","Turkey",12,"Ardahan",145,"Posof","District","District",NA,NA
146,235,"TUR","Turkey",13,"Artvin",146,"Ardanuç","District","District",NA,NA
147,235,"TUR","Turkey",13,"Artvin",147,"Arhavi","District","District",NA,NA
148,235,"TUR","Turkey",13,"Artvin",148,"Savsat","District","District",NA,NA
149,235,"TUR","Turkey",13,"Artvin",149,"Borçka","District","District",NA,NA
150,235,"TUR","Turkey",13,"Artvin",150,"Hopa","District","District",NA,NA
151,235,"TUR","Turkey",13,"Artvin",151,"Merkez","District","District",NA,"Artvin"
152,235,"TUR","Turkey",13,"Artvin",152,"Murgul","District","District",NA,NA
153,235,"TUR","Turkey",13,"Artvin",153,"Yusufeli","District","District",NA,NA
154,235,"TUR","Turkey",14,"Aydin",154,"Incirliova","District","District",NA,NA
155,235,"TUR","Turkey",14,"Aydin",155,"Çine","District","District",NA,NA
156,235,"TUR","Turkey",14,"Aydin",156,"Bozdogan","District","District",NA,NA
157,235,"TUR","Turkey",14,"Aydin",157,"Buharkent","District","District",NA,NA
158,235,"TUR","Turkey",14,"Aydin",158,"Didim","District","District",NA,NA
159,235,"TUR","Turkey",14,"Aydin",159,"Germencik","District","District",NA,NA
160,235,"TUR","Turkey",14,"Aydin",160,"Kösk","District","District",NA,NA
161,235,"TUR","Turkey",14,"Aydin",161,"Karacasu","District","District",NA,NA
162,235,"TUR","Turkey",14,"Aydin",162,"Karpuzlu","District","District",NA,NA
163,235,"TUR","Turkey",14,"Aydin",163,"Koçarli","District","District",NA,NA
164,235,"TUR","Turkey",14,"Aydin",164,"Kusadasi","District","District",NA,NA
165,235,"TUR","Turkey",14,"Aydin",165,"Kuyucak","District","District",NA,NA
166,235,"TUR","Turkey",14,"Aydin",166,"Merkez","District","District",NA,"Aydin Merkez
"
167,235,"TUR","Turkey",14,"Aydin",167,"Nazilli","District","District",NA,NA
168,235,"TUR","Turkey",14,"Aydin",168,"Söke","District","District",NA,NA
169,235,"TUR","Turkey",14,"Aydin",169,"Sultanhisar","District","District",NA,NA
170,235,"TUR","Turkey",14,"Aydin",170,"Yenipazar","District","District",NA,NA
171,235,"TUR","Turkey",15,"Balikesir",171,"Ivrindi","District","District",NA,NA
172,235,"TUR","Turkey",15,"Balikesir",172,"Ayvalik","District","District",NA,NA
173,235,"TUR","Turkey",15,"Balikesir",173,"Balya","District","District",NA,NA
174,235,"TUR","Turkey",15,"Balikesir",174,"Bandirma","District","District",NA,NA
175,235,"TUR","Turkey",15,"Balikesir",175,"Bigadiç","District","District",NA,NA
176,235,"TUR","Turkey",15,"Balikesir",176,"Burhaniye","District","District",NA,NA
177,235,"TUR","Turkey",15,"Balikesir",177,"Dursunbey","District","District",NA,NA
178,235,"TUR","Turkey",15,"Balikesir",178,"Edremit","District","District",NA,NA
179,235,"TUR","Turkey",15,"Balikesir",179,"Erdek","District","District",NA,NA
180,235,"TUR","Turkey",15,"Balikesir",180,"Gömeç","District","District",NA,NA
181,235,"TUR","Turkey",15,"Balikesir",181,"Gönen","District","District",NA,NA
182,235,"TUR","Turkey",15,"Balikesir",182,"Havran","District","District",NA,NA
183,235,"TUR","Turkey",15,"Balikesir",183,"Kepsut","District","District",NA,NA
184,235,"TUR","Turkey",15,"Balikesir",184,"Manyas","District","District",NA,NA
185,235,"TUR","Turkey",15,"Balikesir",185,"Marmara","District","District",NA,NA
186,235,"TUR","Turkey",15,"Balikesir",186,"Merkez","District","District",NA,"Balikesir Merkezi
 Merkez"
187,235,"TUR","Turkey",15,"Balikesir",187,"Sindirgi","District","District",NA,NA
188,235,"TUR","Turkey",15,"Balikesir",188,"Savastepe","District","District",NA,NA
189,235,"TUR","Turkey",15,"Balikesir",189,"Susurluk","District","District",NA,NA
190,235,"TUR","Turkey",16,"Bartin",190,"Amasra","District","District",NA,NA
191,235,"TUR","Turkey",16,"Bartin",191,"Kurucasile","District","District",NA,NA
192,235,"TUR","Turkey",16,"Bartin",192,"Merkez","District","District",NA,"Bartin"
193,235,"TUR","Turkey",16,"Bartin",193,"Ulus","District","District",NA,NA
194,235,"TUR","Turkey",17,"Batman",194,"Besiri","District","District",NA,NA
195,235,"TUR","Turkey",17,"Batman",195,"Gercüs","District","District",NA,NA
196,235,"TUR","Turkey",17,"Batman",196,"Hasankeyf","District","District",NA,NA
197,235,"TUR","Turkey",17,"Batman",197,"Kozluk","District","District",NA,NA
198,235,"TUR","Turkey",17,"Batman",198,"Merkez","District","District",NA,"Batman"
199,235,"TUR","Turkey",17,"Batman",199,"Sason","District","District",NA,NA
200,235,"TUR","Turkey",18,"Bayburt",200,"Aydintepe","District","District",NA,NA
201,235,"TUR","Turkey",18,"Bayburt",201,"Demirözü","District","District",NA,NA
202,235,"TUR","Turkey",18,"Bayburt",202,"Merkez","District","District",NA,"Bayburt"
203,235,"TUR","Turkey",19,"Bilecik",203,"Inhisar","District","District",NA,NA
204,235,"TUR","Turkey",19,"Bilecik",204,"Bozüyük","District","District",NA,NA
205,235,"TUR","Turkey",19,"Bilecik",205,"Gölpazari","District","District",NA,NA
206,235,"TUR","Turkey",19,"Bilecik",206,"Merkez","District","District",NA,"Bilecik"
207,235,"TUR","Turkey",19,"Bilecik",207,"Osmaneli","District","District",NA,NA
208,235,"TUR","Turkey",19,"Bilecik",208,"Pazaryeri","District","District",NA,NA
209,235,"TUR","Turkey",19,"Bilecik",209,"Sögüt","District","District",NA,NA
210,235,"TUR","Turkey",19,"Bilecik",210,"Yenipazar","District","District",NA,NA
211,235,"TUR","Turkey",20,"Bingöl",211,"Adakli","District","District",NA,NA
212,235,"TUR","Turkey",20,"Bingöl",212,"Genç","District","District",NA,NA
213,235,"TUR","Turkey",20,"Bingöl",213,"Karliova","District","District",NA,NA
214,235,"TUR","Turkey",20,"Bingöl",214,"Kigi","District","District",NA,NA
215,235,"TUR","Turkey",20,"Bingöl",215,"Merkez","District","District",NA,"Bingöl"
216,235,"TUR","Turkey",20,"Bingöl",216,"Solhan","District","District",NA,NA
217,235,"TUR","Turkey",20,"Bingöl",217,"Yayladere","District","District",NA,NA
218,235,"TUR","Turkey",20,"Bingöl",218,"Yedisu","District","District",NA,NA
219,235,"TUR","Turkey",21,"Bitlis",219,"Adilcevaz","District","District",NA,NA
220,235,"TUR","Turkey",21,"Bitlis",220,"Ahlat","District","District",NA,NA
221,235,"TUR","Turkey",21,"Bitlis",221,"Güroymak","District","District",NA,NA
222,235,"TUR","Turkey",21,"Bitlis",222,"Hizan
","District","District",NA,NA
223,235,"TUR","Turkey",21,"Bitlis",223,"Merkez","District","District",NA,"Bitlis Merkezi"
224,235,"TUR","Turkey",21,"Bitlis",224,"Mutki","District","District",NA,NA
225,235,"TUR","Turkey",21,"Bitlis",225,"Tatvan","District","District",NA,NA
226,235,"TUR","Turkey",22,"Bolu",226,"Dörtdivan","District","District",NA,NA
227,235,"TUR","Turkey",22,"Bolu",227,"Göynük","District","District",NA,NA
228,235,"TUR","Turkey",22,"Bolu",228,"Gerede","District","District",NA,NA
229,235,"TUR","Turkey",22,"Bolu",229,"Kibriscik","District","District",NA,NA
230,235,"TUR","Turkey",22,"Bolu",230,"Mengen","District","District",NA,NA
231,235,"TUR","Turkey",22,"Bolu",231,"Merkez","District","District",NA,"Bolu"
232,235,"TUR","Turkey",22,"Bolu",232,"Mudurnu","District","District",NA,NA
233,235,"TUR","Turkey",22,"Bolu",233,"Seben","District","District",NA,NA
234,235,"TUR","Turkey",22,"Bolu",234,"Yeniçaga","District","District",NA,NA
235,235,"TUR","Turkey",23,"Burdur",235,"Çavdir","District","District",NA,NA
236,235,"TUR","Turkey",23,"Burdur",236,"Çeltikçi","District","District",NA,NA
237,235,"TUR","Turkey",23,"Burdur",237,"Aglasun","District","District",NA,NA
238,235,"TUR","Turkey",23,"Burdur",238,"Altinyayla","District","District",NA,NA
239,235,"TUR","Turkey",23,"Burdur",239,"Bucak","District","District",NA,NA
240,235,"TUR","Turkey",23,"Burdur",240,"Gölhisar","District","District",NA,NA
241,235,"TUR","Turkey",23,"Burdur",241,"Karamanli","District","District",NA,NA
242,235,"TUR","Turkey",23,"Burdur",242,"Kemer","District","District",NA,NA
243,235,"TUR","Turkey",23,"Burdur",243,"Merkez","District","District",NA,"Burdur"
244,235,"TUR","Turkey",23,"Burdur",244,"Tefenni","District","District",NA,NA
245,235,"TUR","Turkey",23,"Burdur",245,"Yesilova","District","District",NA,NA
246,235,"TUR","Turkey",24,"Bursa",246,"Inegöl","District","District",NA,NA
247,235,"TUR","Turkey",24,"Bursa",247,"Iznik","District","District",NA,NA
248,235,"TUR","Turkey",24,"Bursa",248,"Büyükorhan","District","District",NA,NA
249,235,"TUR","Turkey",24,"Bursa",249,"Gürsu","District","District",NA,NA
250,235,"TUR","Turkey",24,"Bursa",250,"Gemlik","District","District",NA,NA
251,235,"TUR","Turkey",24,"Bursa",251,"Harmancik","District","District",NA,NA
252,235,"TUR","Turkey",24,"Bursa",252,"Karacabey","District","District",NA,NA
253,235,"TUR","Turkey",24,"Bursa",253,"Keles","District","District",NA,NA
254,235,"TUR","Turkey",24,"Bursa",254,"Kestel","District","District",NA,NA
255,235,"TUR","Turkey",24,"Bursa",255,"Mudanya","District","District",NA,NA
256,235,"TUR","Turkey",24,"Bursa",256,"Mustafa Kemalpasa","District","District",NA,NA
257,235,"TUR","Turkey",24,"Bursa",257,"Nilüfer","District","District",NA,NA
258,235,"TUR","Turkey",24,"Bursa",258,"Orhaneli","District","District",NA,NA
259,235,"TUR","Turkey",24,"Bursa",259,"Orhangazi","District","District",NA,NA
260,235,"TUR","Turkey",24,"Bursa",260,"Osmangazi","District","District",NA,NA
261,235,"TUR","Turkey",24,"Bursa",261,"Yildirim","District","District",NA,NA
262,235,"TUR","Turkey",24,"Bursa",262,"Yenisehir","District","District",NA,NA
263,235,"TUR","Turkey",25,"Düzce",263,"Çilimli","District","District",NA,NA
264,235,"TUR","Turkey",25,"Düzce",264,"Akçakoca","District","District",NA,NA
265,235,"TUR","Turkey",25,"Düzce",265,"Cumayeri","District","District",NA,NA
266,235,"TUR","Turkey",25,"Düzce",266,"Gölyaka","District","District",NA,NA
267,235,"TUR","Turkey",25,"Düzce",267,"Gümüsova","District","District",NA,NA
268,235,"TUR","Turkey",25,"Düzce",268,"Kaynasli","District","District",NA,NA
269,235,"TUR","Turkey",25,"Düzce",269,"Merkez","District","District",NA,"Düzce"
270,235,"TUR","Turkey",25,"Düzce",270,"Yigilca","District","District",NA,NA
271,235,"TUR","Turkey",26,"Denizli",271,"Çal","District","District",NA,NA
272,235,"TUR","Turkey",26,"Denizli",272,"Çameli","District","District",NA,NA
273,235,"TUR","Turkey",26,"Denizli",273,"Çardak","District","District",NA,NA
274,235,"TUR","Turkey",26,"Denizli",274,"Çivril","District","District",NA,NA
275,235,"TUR","Turkey",26,"Denizli",275,"Acipayam","District","District",NA,NA
276,235,"TUR","Turkey",26,"Denizli",276,"Akköy","District","District",NA,NA
277,235,"TUR","Turkey",26,"Denizli",277,"Babadag","District","District",NA,NA
278,235,"TUR","Turkey",26,"Denizli",278,"Baklan","District","District",NA,NA
279,235,"TUR","Turkey",26,"Denizli",279,"Bekilli","District","District",NA,NA
280,235,"TUR","Turkey",26,"Denizli",280,"Beyagaç","District","District",NA,NA
281,235,"TUR","Turkey",26,"Denizli",281,"Bozkurt","District","District",NA,NA
282,235,"TUR","Turkey",26,"Denizli",282,"Buldan","District","District",NA,NA
283,235,"TUR","Turkey",26,"Denizli",283,"Güney","District","District",NA,NA
284,235,"TUR","Turkey",26,"Denizli",284,"Honaz","District","District",NA,NA
285,235,"TUR","Turkey",26,"Denizli",285,"Kale","District","District",NA,NA
286,235,"TUR","Turkey",26,"Denizli",286,"Merkez","District","District",NA,"Denizli Merkez"
287,235,"TUR","Turkey",26,"Denizli",287,"Sarayköy","District","District",NA,NA
288,235,"TUR","Turkey",26,"Denizli",288,"Serinhisar","District","District",NA,NA
289,235,"TUR","Turkey",26,"Denizli",289,"Tavas
","District","District",NA,NA
290,235,"TUR","Turkey",27,"Diyarbakir",290,"Çinar","District","District",NA,NA
291,235,"TUR","Turkey",27,"Diyarbakir",291,"Çüngüs","District","District",NA,NA
292,235,"TUR","Turkey",27,"Diyarbakir",292,"Çermik","District","District",NA,NA
293,235,"TUR","Turkey",27,"Diyarbakir",293,"Bismil","District","District",NA,NA
294,235,"TUR","Turkey",27,"Diyarbakir",294,"Dicle","District","District",NA,NA
295,235,"TUR","Turkey",27,"Diyarbakir",295,"Egil","District","District",NA,NA
296,235,"TUR","Turkey",27,"Diyarbakir",296,"Ergani","District","District",NA,NA
297,235,"TUR","Turkey",27,"Diyarbakir",297,"Hani","District","District",NA,NA
298,235,"TUR","Turkey",27,"Diyarbakir",298,"Hazro","District","District",NA,NA
299,235,"TUR","Turkey",27,"Diyarbakir",299,"Kocaköy","District","District",NA,NA
300,235,"TUR","Turkey",27,"Diyarbakir",300,"Kulp","District","District",NA,NA
301,235,"TUR","Turkey",27,"Diyarbakir",301,"Lice","District","District",NA,NA
302,235,"TUR","Turkey",27,"Diyarbakir",302,"Merkez","District","District",NA,"Diyarbakir Merkezi
"
303,235,"TUR","Turkey",27,"Diyarbakir",303,"Silvan","District","District",NA,NA
304,235,"TUR","Turkey",28,"Edirne",304,"Ipsala","District","District",NA,NA
305,235,"TUR","Turkey",28,"Edirne",305,"Enez","District","District",NA,NA
306,235,"TUR","Turkey",28,"Edirne",306,"Havsa","District","District",NA,NA
307,235,"TUR","Turkey",28,"Edirne",307,"Kesan","District","District",NA,NA
308,235,"TUR","Turkey",28,"Edirne",308,"Lalapasa","District","District",NA,NA
309,235,"TUR","Turkey",28,"Edirne",309,"Meriç","District","District",NA,NA
310,235,"TUR","Turkey",28,"Edirne",310,"Merkez","District","District",NA,"Edirne"
311,235,"TUR","Turkey",28,"Edirne",311,"Süleoglu","District","District",NA,NA
312,235,"TUR","Turkey",28,"Edirne",312,"Uzunköprü","District","District",NA,NA
313,235,"TUR","Turkey",29,"Elazig",313,"Agin","District","District",NA,NA
314,235,"TUR","Turkey",29,"Elazig",314,"Alacakaya","District","District",NA,NA
315,235,"TUR","Turkey",29,"Elazig",315,"Aricak","District","District",NA,NA
316,235,"TUR","Turkey",29,"Elazig",316,"Baskil","District","District",NA,NA
317,235,"TUR","Turkey",29,"Elazig",317,"Karakoçan","District","District",NA,NA
318,235,"TUR","Turkey",29,"Elazig",318,"Keban","District","District",NA,NA
319,235,"TUR","Turkey",29,"Elazig",319,"Kovancilar","District","District",NA,NA
320,235,"TUR","Turkey",29,"Elazig",320,"Maden","District","District",NA,NA
321,235,"TUR","Turkey",29,"Elazig",321,"Merkez","District","District",NA,"Elazig"
322,235,"TUR","Turkey",29,"Elazig",322,"Palu","District","District",NA,NA
323,235,"TUR","Turkey",29,"Elazig",323,"Sivrice","District","District",NA,NA
324,235,"TUR","Turkey",30,"Erzincan",324,"Iliç","District","District",NA,NA
325,235,"TUR","Turkey",30,"Erzincan",325,"Çayirli","District","District",NA,NA
326,235,"TUR","Turkey",30,"Erzincan",326,"Üzümlü","District","District",NA,NA
327,235,"TUR","Turkey",30,"Erzincan",327,"Kemah","District","District",NA,NA
328,235,"TUR","Turkey",30,"Erzincan",328,"Kemaliye","District","District",NA,NA
329,235,"TUR","Turkey",30,"Erzincan",329,"Merkez","District","District",NA,"Erzincan"
330,235,"TUR","Turkey",30,"Erzincan",330,"Otlukbeli","District","District",NA,NA
331,235,"TUR","Turkey",30,"Erzincan",331,"Refahiye","District","District",NA,NA
332,235,"TUR","Turkey",30,"Erzincan",332,"Tercan","District","District",NA,NA
333,235,"TUR","Turkey",31,"Erzurum",333,"Ispir
","District","District",NA,NA
334,235,"TUR","Turkey",31,"Erzurum",334,"Çat","District","District",NA,NA
335,235,"TUR","Turkey",31,"Erzurum",335,"Askale","District","District",NA,NA
336,235,"TUR","Turkey",31,"Erzurum",336,"Senkaya","District","District",NA,NA
337,235,"TUR","Turkey",31,"Erzurum",337,"Hinis","District","District",NA,NA
338,235,"TUR","Turkey",31,"Erzurum",338,"Horasan","District","District",NA,NA
339,235,"TUR","Turkey",31,"Erzurum",339,"Ilica","District","District",NA,NA
340,235,"TUR","Turkey",31,"Erzurum",340,"Köprüköy","District","District",NA,NA
341,235,"TUR","Turkey",31,"Erzurum",341,"Karaçoban","District","District",NA,NA
342,235,"TUR","Turkey",31,"Erzurum",342,"Karayazi","District","District",NA,NA
343,235,"TUR","Turkey",31,"Erzurum",343,"Merkez","District","District",NA,"Erzurum Merkez"
344,235,"TUR","Turkey",31,"Erzurum",344,"Narman","District","District",NA,NA
345,235,"TUR","Turkey",31,"Erzurum",345,"Oltu","District","District",NA,NA
346,235,"TUR","Turkey",31,"Erzurum",346,"Olur","District","District",NA,NA
347,235,"TUR","Turkey",31,"Erzurum",347,"Pasinler","District","District",NA,NA
348,235,"TUR","Turkey",31,"Erzurum",348,"Pazaryolu","District","District",NA,NA
349,235,"TUR","Turkey",31,"Erzurum",349,"Tekman","District","District",NA,NA
350,235,"TUR","Turkey",31,"Erzurum",350,"Tortum","District","District",NA,NA
351,235,"TUR","Turkey",31,"Erzurum",351,"Uzundere","District","District",NA,NA
352,235,"TUR","Turkey",32,"Eskisehir",352,"Inönü","District","District",NA,NA
353,235,"TUR","Turkey",32,"Eskisehir",353,"Çifteler","District","District",NA,NA
354,235,"TUR","Turkey",32,"Eskisehir",354,"Alpu","District","District",NA,NA
355,235,"TUR","Turkey",32,"Eskisehir",355,"Beylikova","District","District",NA,NA
356,235,"TUR","Turkey",32,"Eskisehir",356,"Günyüzü","District","District",NA,NA
357,235,"TUR","Turkey",32,"Eskisehir",357,"Han","District","District",NA,NA
358,235,"TUR","Turkey",32,"Eskisehir",358,"Mahmudiye","District","District",NA,NA
359,235,"TUR","Turkey",32,"Eskisehir",359,"Merkez","District","District",NA,"Eskisehir Merkez
 Merkez"
360,235,"TUR","Turkey",32,"Eskisehir",360,"Mihaliçcik","District","District",NA,NA
361,235,"TUR","Turkey",32,"Eskisehir",361,"Mihalgazi","District","District",NA,NA
362,235,"TUR","Turkey",32,"Eskisehir",362,"Saricakaya","District","District",NA,NA
363,235,"TUR","Turkey",32,"Eskisehir",363,"Seyitgazi","District","District",NA,NA
364,235,"TUR","Turkey",32,"Eskisehir",364,"Sivrihisar","District","District",NA,NA
365,235,"TUR","Turkey",33,"Gümüshane",365,"Siran","District","District",NA,NA
366,235,"TUR","Turkey",33,"Gümüshane",366,"Köse","District","District",NA,NA
367,235,"TUR","Turkey",33,"Gümüshane",367,"Kürtün
","District","District",NA,NA
368,235,"TUR","Turkey",33,"Gümüshane",368,"Kelkit","District","District",NA,NA
369,235,"TUR","Turkey",33,"Gümüshane",369,"Merkez","District","District",NA,"Gümüshane"
370,235,"TUR","Turkey",33,"Gümüshane",370,"Torul","District","District",NA,NA
371,235,"TUR","Turkey",34,"Gaziantep",371,"Islahiye","District","District",NA,NA
372,235,"TUR","Turkey",34,"Gaziantep",372,"Araban","District","District",NA,NA
373,235,"TUR","Turkey",34,"Gaziantep",373,"Sahinbey","District","District",NA,NA
374,235,"TUR","Turkey",34,"Gaziantep",374,"Sehitkamil","District","District",NA,NA
375,235,"TUR","Turkey",34,"Gaziantep",375,"Karkamis","District","District",NA,NA
376,235,"TUR","Turkey",34,"Gaziantep",376,"Nizip","District","District",NA,NA
377,235,"TUR","Turkey",34,"Gaziantep",377,"Nurdagi","District","District",NA,NA
378,235,"TUR","Turkey",34,"Gaziantep",378,"Oguzeli
","District","District",NA,NA
379,235,"TUR","Turkey",34,"Gaziantep",379,"Yavuzeli","District","District",NA,NA
380,235,"TUR","Turkey",35,"Giresun",380,"Çamoluk","District","District",NA,NA
381,235,"TUR","Turkey",35,"Giresun",381,"Çanakçi","District","District",NA,NA
382,235,"TUR","Turkey",35,"Giresun",382,"Alucra","District","District",NA,NA
383,235,"TUR","Turkey",35,"Giresun",383,"Sultan Karahisar","District","District",NA,NA
384,235,"TUR","Turkey",35,"Giresun",384,"Bulancak","District","District",NA,NA
385,235,"TUR","Turkey",35,"Giresun",385,"Dereli","District","District",NA,NA
386,235,"TUR","Turkey",35,"Giresun",386,"Dogankent","District","District",NA,NA
387,235,"TUR","Turkey",35,"Giresun",387,"Espiye","District","District",NA,NA
388,235,"TUR","Turkey",35,"Giresun",388,"Eynesil","District","District",NA,NA
389,235,"TUR","Turkey",35,"Giresun",389,"Görele","District","District",NA,NA
390,235,"TUR","Turkey",35,"Giresun",390,"Güce","District","District",NA,NA
391,235,"TUR","Turkey",35,"Giresun",391,"Kesap","District","District",NA,NA
392,235,"TUR","Turkey",35,"Giresun",392,"Merkez","District","District",NA,"Giresun"
393,235,"TUR","Turkey",35,"Giresun",393,"Piraziz","District","District",NA,NA
394,235,"TUR","Turkey",35,"Giresun",394,"Tirebolu","District","District",NA,NA
395,235,"TUR","Turkey",35,"Giresun",395,"Yaglidere","District","District",NA,NA
396,235,"TUR","Turkey",36,"Hakkari",396,"Çukurca","District","District",NA,NA
397,235,"TUR","Turkey",36,"Hakkari",397,"Semdinli","District","District",NA,NA
398,235,"TUR","Turkey",36,"Hakkari",398,"Merkez","District","District",NA,"Hakkari"
399,235,"TUR","Turkey",36,"Hakkari",399,"Yüksekova","District","District",NA,"Yüksekova"
400,235,"TUR","Turkey",37,"Hatay",400,"Iskenderun","District","District",NA,NA
401,235,"TUR","Turkey",37,"Hatay",401,"Altinözü","District","District",NA,NA
402,235,"TUR","Turkey",37,"Hatay",402,"Belen","District","District",NA,NA
403,235,"TUR","Turkey",37,"Hatay",403,"Dörtyol","District","District",NA,NA
404,235,"TUR","Turkey",37,"Hatay",404,"Erzin","District","District",NA,NA
405,235,"TUR","Turkey",37,"Hatay",405,"Hassa","District","District",NA,NA
406,235,"TUR","Turkey",37,"Hatay",406,"Kirikhan","District","District",NA,NA
407,235,"TUR","Turkey",37,"Hatay",407,"Kumlu","District","District",NA,NA
408,235,"TUR","Turkey",37,"Hatay",408,"Merkez","District","District",NA,"Hatay Merkezi"
409,235,"TUR","Turkey",37,"Hatay",409,"Reyhanli","District","District",NA,NA
410,235,"TUR","Turkey",37,"Hatay",410,"Samandag","District","District",NA,NA
411,235,"TUR","Turkey",37,"Hatay",411,"Yayladagi","District","District",NA,NA
412,235,"TUR","Turkey",38,"Igdir",412,"Aralik
","District","District",NA,NA
413,235,"TUR","Turkey",38,"Igdir",413,"Karakoyunlu","District","District",NA,NA
414,235,"TUR","Turkey",38,"Igdir",414,"Merkez","District","District",NA,"Igdir"
415,235,"TUR","Turkey",38,"Igdir",415,"Tuzluca
","District","District",NA,NA
416,235,"TUR","Turkey",39,"Isparta",416,"Aksu","District","District",NA,NA
417,235,"TUR","Turkey",39,"Isparta",417,"Atabey","District","District",NA,NA
418,235,"TUR","Turkey",39,"Isparta",418,"Sarkikaraagaç","District","District",NA,NA
419,235,"TUR","Turkey",39,"Isparta",419,"Egirdir","District","District",NA,NA
420,235,"TUR","Turkey",39,"Isparta",420,"Gönen","District","District",NA,NA
421,235,"TUR","Turkey",39,"Isparta",421,"Gelendost","District","District",NA,NA
422,235,"TUR","Turkey",39,"Isparta",422,"Keçiborlu","District","District",NA,NA
423,235,"TUR","Turkey",39,"Isparta",423,"Merkez","District","District",NA,"Isparta"
424,235,"TUR","Turkey",39,"Isparta",424,"Sütçüler","District","District",NA,NA
425,235,"TUR","Turkey",39,"Isparta",425,"Senirkent","District","District",NA,NA
426,235,"TUR","Turkey",39,"Isparta",426,"Uluborlu","District","District",NA,NA
427,235,"TUR","Turkey",39,"Isparta",427,"Yalvaç","District","District",NA,NA
428,235,"TUR","Turkey",39,"Isparta",428,"Yenisarbademli","District","District",NA,NA
429,235,"TUR","Turkey",40,"Istanbul",429,"Çatalca","District","District",NA,NA
430,235,"TUR","Turkey",40,"Istanbul",430,"Çekmekoy","District","District",NA,NA
431,235,"TUR","Turkey",40,"Istanbul",431,"Adalar","District","District",NA,NA
432,235,"TUR","Turkey",40,"Istanbul",432,"Ümraniye","District","District",NA,NA
433,235,"TUR","Turkey",40,"Istanbul",433,"Üsküdar","District","District",NA,NA
434,235,"TUR","Turkey",40,"Istanbul",434,"Arnavutkoy","District","District",NA,NA
435,235,"TUR","Turkey",40,"Istanbul",435,"Atasehir","District","District",NA,NA
436,235,"TUR","Turkey",40,"Istanbul",436,"Avcilar","District","District",NA,NA
437,235,"TUR","Turkey",40,"Istanbul",437,"Sisli","District","District",NA,NA
438,235,"TUR","Turkey",40,"Istanbul",438,"Sile","District","District",NA,NA
439,235,"TUR","Turkey",40,"Istanbul",439,"Büyükçekmece","District","District",NA,NA
440,235,"TUR","Turkey",40,"Istanbul",440,"Bagcilar","District","District",NA,NA
441,235,"TUR","Turkey",40,"Istanbul",441,"Bahçelievler","District","District",NA,NA
442,235,"TUR","Turkey",40,"Istanbul",442,"Bakirköy","District","District",NA,NA
443,235,"TUR","Turkey",40,"Istanbul",443,"Basaksehir","District","District",NA,NA
444,235,"TUR","Turkey",40,"Istanbul",444,"Bayrampasa","District","District",NA,NA
445,235,"TUR","Turkey",40,"Istanbul",445,"Besiktas","District","District",NA,NA
446,235,"TUR","Turkey",40,"Istanbul",446,"Beykoz","District","District",NA,NA
447,235,"TUR","Turkey",40,"Istanbul",447,"Beylikduzu","District","District",NA,NA
448,235,"TUR","Turkey",40,"Istanbul",448,"Beyoglu","District","District",NA,NA
449,235,"TUR","Turkey",40,"Istanbul",449,"Esenler","District","District",NA,NA
450,235,"TUR","Turkey",40,"Istanbul",450,"Esenyurt","District","District",NA,NA
451,235,"TUR","Turkey",40,"Istanbul",451,"Eyüp","District","District",NA,NA
452,235,"TUR","Turkey",40,"Istanbul",452,"Fatih","District","District",NA,NA
453,235,"TUR","Turkey",40,"Istanbul",453,"Güngören","District","District",NA,NA
454,235,"TUR","Turkey",40,"Istanbul",454,"Gaziosmanpasa","District","District",NA,NA
455,235,"TUR","Turkey",40,"Istanbul",455,"Küçükçekmece","District","District",NA,NA
456,235,"TUR","Turkey",40,"Istanbul",456,"Kagithane","District","District",NA,NA
457,235,"TUR","Turkey",40,"Istanbul",457,"Kadiköy","District","District",NA,NA
458,235,"TUR","Turkey",40,"Istanbul",458,"Kartal","District","District",NA,NA
459,235,"TUR","Turkey",40,"Istanbul",459,"Maltepe","District","District",NA,NA
460,235,"TUR","Turkey",40,"Istanbul",460,"Pendik","District","District",NA,NA
461,235,"TUR","Turkey",40,"Istanbul",461,"Sancaktepe","District","District",NA,NA
462,235,"TUR","Turkey",40,"Istanbul",462,"Sariyer","District","District",NA,NA
463,235,"TUR","Turkey",40,"Istanbul",463,"Sultanbeyli","District","District",NA,NA
464,235,"TUR","Turkey",40,"Istanbul",464,"Sultangazi","District","District",NA,NA
465,235,"TUR","Turkey",40,"Istanbul",465,"Tuzla","District","District",NA,NA
466,235,"TUR","Turkey",40,"Istanbul",466,"Zeytinburnu","District","District",NA,NA
467,235,"TUR","Turkey",41,"Izmir",467,"Ödemis","District","District",NA,NA
468,235,"TUR","Turkey",41,"Izmir",468,"Çesme","District","District",NA,NA
469,235,"TUR","Turkey",41,"Izmir",469,"Çigli
","District","District",NA,NA
470,235,"TUR","Turkey",41,"Izmir",470,"Aliaga","District","District",NA,NA
471,235,"TUR","Turkey",41,"Izmir",471,"Balçova","District","District",NA,NA
472,235,"TUR","Turkey",41,"Izmir",472,"Bayindir","District","District",NA,NA
473,235,"TUR","Turkey",41,"Izmir",473,"Bergama","District","District",NA,NA
474,235,"TUR","Turkey",41,"Izmir",474,"Beydag","District","District",NA,NA
475,235,"TUR","Turkey",41,"Izmir",475,"Bornova
","District","District",NA,NA
476,235,"TUR","Turkey",41,"Izmir",476,"Buca","District","District",NA,NA
477,235,"TUR","Turkey",41,"Izmir",477,"Dikili","District","District",NA,NA
478,235,"TUR","Turkey",41,"Izmir",478,"Foça","District","District",NA,NA
479,235,"TUR","Turkey",41,"Izmir",479,"Güzelbahçe","District","District",NA,NA
480,235,"TUR","Turkey",41,"Izmir",480,"Gaziemir","District","District",NA,NA
481,235,"TUR","Turkey",41,"Izmir",481,"Kinik","District","District",NA,NA
482,235,"TUR","Turkey",41,"Izmir",482,"Karaburun","District","District",NA,NA
483,235,"TUR","Turkey",41,"Izmir",483,"Karsiyaka","District","District",NA,NA
484,235,"TUR","Turkey",41,"Izmir",484,"Kemalpasa","District","District",NA,NA
485,235,"TUR","Turkey",41,"Izmir",485,"Kiraz","District","District",NA,NA
486,235,"TUR","Turkey",41,"Izmir",486,"Konak","District","District",NA,NA
487,235,"TUR","Turkey",41,"Izmir",487,"Menderes","District","District",NA,NA
488,235,"TUR","Turkey",41,"Izmir",488,"Menemen","District","District",NA,NA
489,235,"TUR","Turkey",41,"Izmir",489,"Narlidere","District","District",NA,NA
490,235,"TUR","Turkey",41,"Izmir",490,"Seferihisar","District","District",NA,NA
491,235,"TUR","Turkey",41,"Izmir",491,"Selçuk","District","District",NA,NA
492,235,"TUR","Turkey",41,"Izmir",492,"Tire","District","District",NA,NA
493,235,"TUR","Turkey",41,"Izmir",493,"Torbali","District","District",NA,NA
494,235,"TUR","Turkey",41,"Izmir",494,"Urla","District","District",NA,NA
495,235,"TUR","Turkey",42,"K. Maras",495,"Çaglayancerit","District","District",NA,NA
496,235,"TUR","Turkey",42,"K. Maras",496,"Afsin","District","District",NA,NA
497,235,"TUR","Turkey",42,"K. Maras",497,"Andirin","District","District",NA,NA
498,235,"TUR","Turkey",42,"K. Maras",498,"Ekinözü","District","District",NA,NA
499,235,"TUR","Turkey",42,"K. Maras",499,"Elbistan","District","District",NA,NA
500,235,"TUR","Turkey",42,"K. Maras",500,"Göksun","District","District",NA,NA
501,235,"TUR","Turkey",42,"K. Maras",501,"Merkez","District","District",NA,"Karamanmaras Merkezi"
502,235,"TUR","Turkey",42,"K. Maras",502,"Nurhak","District","District",NA,NA
503,235,"TUR","Turkey",42,"K. Maras",503,"Pazarcik","District","District",NA,NA
504,235,"TUR","Turkey",42,"K. Maras",504,"Türkoglu","District","District",NA,NA
505,235,"TUR","Turkey",43,"Kütahya",505,"Çavdarhisar","District","District",NA,NA
506,235,"TUR","Turkey",43,"Kütahya",506,"Altintas","District","District",NA,NA
507,235,"TUR","Turkey",43,"Kütahya",507,"Aslanapa","District","District",NA,NA
508,235,"TUR","Turkey",43,"Kütahya",508,"Saphane","District","District",NA,NA
509,235,"TUR","Turkey",43,"Kütahya",509,"Domaniç","District","District",NA,NA
510,235,"TUR","Turkey",43,"Kütahya",510,"Dumlupinar","District","District",NA,NA
511,235,"TUR","Turkey",43,"Kütahya",511,"Emet","District","District",NA,NA
512,235,"TUR","Turkey",43,"Kütahya",512,"Gediz","District","District",NA,NA
513,235,"TUR","Turkey",43,"Kütahya",513,"Hisarcik","District","District",NA,NA
514,235,"TUR","Turkey",43,"Kütahya",514,"Merkez","District","District",NA,"Kütahya"
515,235,"TUR","Turkey",43,"Kütahya",515,"Pazarlar","District","District",NA,NA
516,235,"TUR","Turkey",43,"Kütahya",516,"Simav","District","District",NA,NA
517,235,"TUR","Turkey",43,"Kütahya",517,"Tavsanli","District","District",NA,NA
518,235,"TUR","Turkey",44,"Karabük",518,"Eflani","District","District",NA,NA
519,235,"TUR","Turkey",44,"Karabük",519,"Eskipazar","District","District",NA,NA
520,235,"TUR","Turkey",44,"Karabük",520,"Merkez","District","District",NA,"Karabük"
521,235,"TUR","Turkey",44,"Karabük",521,"Ovacik","District","District",NA,NA
522,235,"TUR","Turkey",44,"Karabük",522,"Safranbolu","District","District",NA,NA
523,235,"TUR","Turkey",44,"Karabük",523,"Yenice","District","District",NA,NA
524,235,"TUR","Turkey",45,"Karaman",524,"Ayranci","District","District",NA,NA
525,235,"TUR","Turkey",45,"Karaman",525,"Basyayla","District","District",NA,NA
526,235,"TUR","Turkey",45,"Karaman",526,"Ermenek","District","District",NA,NA
527,235,"TUR","Turkey",45,"Karaman",527,"Kazimkarabekir","District","District",NA,NA
528,235,"TUR","Turkey",45,"Karaman",528,"Merkez","District","District",NA,"Karaman"
529,235,"TUR","Turkey",45,"Karaman",529,"Sariveliler","District","District",NA,NA
530,235,"TUR","Turkey",46,"Kars",530,"Akyaka","District","District",NA,NA
531,235,"TUR","Turkey",46,"Kars",531,"Arpaçay","District","District",NA,NA
532,235,"TUR","Turkey",46,"Kars",532,"Digor","District","District",NA,NA
533,235,"TUR","Turkey",46,"Kars",533,"Kagizman","District","District",NA,NA
534,235,"TUR","Turkey",46,"Kars",534,"Merkez","District","District",NA,"Kars"
535,235,"TUR","Turkey",46,"Kars",535,"Sarikamis","District","District",NA,NA
536,235,"TUR","Turkey",46,"Kars",536,"Selim","District","District",NA,NA
537,235,"TUR","Turkey",46,"Kars",537,"Susuz","District","District",NA,NA
538,235,"TUR","Turkey",47,"Kastamonu",538,"Ihsangazi","District","District",NA,NA
539,235,"TUR","Turkey",47,"Kastamonu",539,"Inebolu","District","District",NA,NA
540,235,"TUR","Turkey",47,"Kastamonu",540,"Çatalzeytin","District","District",NA,NA
541,235,"TUR","Turkey",47,"Kastamonu",541,"Agli","District","District",NA,NA
542,235,"TUR","Turkey",47,"Kastamonu",542,"Abana","District","District",NA,NA
543,235,"TUR","Turkey",47,"Kastamonu",543,"Araç","District","District",NA,NA
544,235,"TUR","Turkey",47,"Kastamonu",544,"Azdavay","District","District",NA,NA
545,235,"TUR","Turkey",47,"Kastamonu",545,"Senpazar","District","District",NA,NA
546,235,"TUR","Turkey",47,"Kastamonu",546,"Bozkurt","District","District",NA,NA
547,235,"TUR","Turkey",47,"Kastamonu",547,"Cide","District","District",NA,NA
548,235,"TUR","Turkey",47,"Kastamonu",548,"Daday","District","District",NA,NA
549,235,"TUR","Turkey",47,"Kastamonu",549,"Devrekani","District","District",NA,NA
550,235,"TUR","Turkey",47,"Kastamonu",550,"Doganyurt","District","District",NA,NA
551,235,"TUR","Turkey",47,"Kastamonu",551,"Hanönü","District","District",NA,NA
552,235,"TUR","Turkey",47,"Kastamonu",552,"Küre","District","District",NA,NA
553,235,"TUR","Turkey",47,"Kastamonu",553,"Merkez","District","District",NA,"Kastamonu"
554,235,"TUR","Turkey",47,"Kastamonu",554,"Pinarbasi","District","District",NA,NA
555,235,"TUR","Turkey",47,"Kastamonu",555,"Seydiler","District","District",NA,NA
556,235,"TUR","Turkey",47,"Kastamonu",556,"Tasköprü","District","District",NA,NA
557,235,"TUR","Turkey",47,"Kastamonu",557,"Tosya","District","District",NA,NA
558,235,"TUR","Turkey",48,"Kayseri",558,"Özvatan","District","District",NA,NA
559,235,"TUR","Turkey",48,"Kayseri",559,"Incesu","District","District",NA,NA
560,235,"TUR","Turkey",48,"Kayseri",560,"Akkisla","District","District",NA,NA
561,235,"TUR","Turkey",48,"Kayseri",561,"Bünyan","District","District",NA,NA
562,235,"TUR","Turkey",48,"Kayseri",562,"Develi","District","District",NA,NA
563,235,"TUR","Turkey",48,"Kayseri",563,"Felahiye","District","District",NA,NA
564,235,"TUR","Turkey",48,"Kayseri",564,"Hacilar","District","District",NA,NA
565,235,"TUR","Turkey",48,"Kayseri",565,"Kocasinan","District","District",NA,NA
566,235,"TUR","Turkey",48,"Kayseri",566,"Melikgazi","District","District",NA,NA
567,235,"TUR","Turkey",48,"Kayseri",567,"Pinarbasi
","District","District",NA,NA
568,235,"TUR","Turkey",48,"Kayseri",568,"Sarioglan","District","District",NA,NA
569,235,"TUR","Turkey",48,"Kayseri",569,"Sariz","District","District",NA,NA
570,235,"TUR","Turkey",48,"Kayseri",570,"Talas","District","District",NA,NA
571,235,"TUR","Turkey",48,"Kayseri",571,"Tomarza","District","District",NA,NA
572,235,"TUR","Turkey",48,"Kayseri",572,"Yahyali","District","District",NA,NA
573,235,"TUR","Turkey",48,"Kayseri",573,"Yesilhisar","District","District",NA,NA
574,235,"TUR","Turkey",49,"Kilis",574,"Elbeyli","District","District",NA,NA
575,235,"TUR","Turkey",49,"Kilis",575,"Merkez","District","District",NA,"Kilis"
576,235,"TUR","Turkey",49,"Kilis",576,"Musabeyli","District","District",NA,NA
577,235,"TUR","Turkey",49,"Kilis",577,"Polateli","District","District",NA,NA
578,235,"TUR","Turkey",50,"Kinkkale",578,"Çelebi","District","District",NA,NA
579,235,"TUR","Turkey",50,"Kinkkale",579,"Bahsili","District","District",NA,NA
580,235,"TUR","Turkey",50,"Kinkkale",580,"Baliseyh","District","District",NA,NA
581,235,"TUR","Turkey",50,"Kinkkale",581,"Delice","District","District",NA,NA
582,235,"TUR","Turkey",50,"Kinkkale",582,"Karakeçili","District","District",NA,NA
583,235,"TUR","Turkey",50,"Kinkkale",583,"Keskin","District","District",NA,NA
584,235,"TUR","Turkey",50,"Kinkkale",584,"Merkez
","District","District",NA,"Kirikkale"
585,235,"TUR","Turkey",50,"Kinkkale",585,"Sulakyurt","District","District",NA,NA
586,235,"TUR","Turkey",50,"Kinkkale",586,"Yahsihan","District","District",NA,NA
587,235,"TUR","Turkey",51,"Kirklareli",587,"Babaeski","District","District",NA,NA
588,235,"TUR","Turkey",51,"Kirklareli",588,"Demirköy","District","District",NA,NA
589,235,"TUR","Turkey",51,"Kirklareli",589,"Kofçaz","District","District",NA,NA
590,235,"TUR","Turkey",51,"Kirklareli",590,"Lüleburgaz","District","District",NA,NA
591,235,"TUR","Turkey",51,"Kirklareli",591,"Merkez","District","District",NA,"Kirklareli"
592,235,"TUR","Turkey",51,"Kirklareli",592,"Pinarhisar","District","District",NA,NA
593,235,"TUR","Turkey",51,"Kirklareli",593,"Pehlivanköy","District","District",NA,NA
594,235,"TUR","Turkey",51,"Kirklareli",594,"Vize","District","District",NA,NA
595,235,"TUR","Turkey",52,"Kirsehir",595,"Çiçekdagi","District","District",NA,NA
596,235,"TUR","Turkey",52,"Kirsehir",596,"Akçakent","District","District",NA,NA
597,235,"TUR","Turkey",52,"Kirsehir",597,"Akpinar","District","District",NA,NA
598,235,"TUR","Turkey",52,"Kirsehir",598,"Boztepe","District","District",NA,NA
599,235,"TUR","Turkey",52,"Kirsehir",599,"Kaman","District","District",NA,NA
600,235,"TUR","Turkey",52,"Kirsehir",600,"Merkez","District","District",NA,"Kirsehir"
601,235,"TUR","Turkey",52,"Kirsehir",601,"Mucur","District","District",NA,NA
602,235,"TUR","Turkey",53,"Kocaeli",602,"Derince","District","District",NA,NA
603,235,"TUR","Turkey",53,"Kocaeli",603,"Gölcük","District","District",NA,NA
604,235,"TUR","Turkey",53,"Kocaeli",604,"Gebze","District","District",NA,NA
605,235,"TUR","Turkey",53,"Kocaeli",605,"Körfez","District","District",NA,NA
606,235,"TUR","Turkey",53,"Kocaeli",606,"Kandira","District","District",NA,NA
607,235,"TUR","Turkey",53,"Kocaeli",607,"Karamürsel","District","District",NA,NA
608,235,"TUR","Turkey",53,"Kocaeli",608,"Merkez","District","District",NA,"Kocaeli Merkezi
"
609,235,"TUR","Turkey",54,"Konya",609,"Çeltik","District","District",NA,NA
610,235,"TUR","Turkey",54,"Konya",610,"Çumra","District","District",NA,NA
611,235,"TUR","Turkey",54,"Konya",611,"Ahirli","District","District",NA,NA
612,235,"TUR","Turkey",54,"Konya",612,"Akören","District","District",NA,NA
613,235,"TUR","Turkey",54,"Konya",613,"Aksehir","District","District",NA,NA
614,235,"TUR","Turkey",54,"Konya",614,"Altinekin","District","District",NA,NA
615,235,"TUR","Turkey",54,"Konya",615,"Beysehir","District","District",NA,NA
616,235,"TUR","Turkey",54,"Konya",616,"Bozkir","District","District",NA,NA
617,235,"TUR","Turkey",54,"Konya",617,"Cihanbeyli","District","District",NA,NA
618,235,"TUR","Turkey",54,"Konya",618,"Derbent","District","District",NA,NA
619,235,"TUR","Turkey",54,"Konya",619,"Derebucak","District","District",NA,NA
620,235,"TUR","Turkey",54,"Konya",620,"Doganhisar","District","District",NA,NA
621,235,"TUR","Turkey",54,"Konya",621,"Emirgazi","District","District",NA,NA
622,235,"TUR","Turkey",54,"Konya",622,"Eregli","District","District",NA,NA
623,235,"TUR","Turkey",54,"Konya",623,"Güneysinir","District","District",NA,NA
624,235,"TUR","Turkey",54,"Konya",624,"Hüyük","District","District",NA,NA
625,235,"TUR","Turkey",54,"Konya",625,"Hadim","District","District",NA,NA
626,235,"TUR","Turkey",54,"Konya",626,"Halkapinar","District","District",NA,NA
627,235,"TUR","Turkey",54,"Konya",627,"Ilgin","District","District",NA,NA
628,235,"TUR","Turkey",54,"Konya",628,"Kadinhani","District","District",NA,NA
629,235,"TUR","Turkey",54,"Konya",629,"Karapinar","District","District",NA,NA
630,235,"TUR","Turkey",54,"Konya",630,"Karatay","District","District",NA,NA
631,235,"TUR","Turkey",54,"Konya",631,"Kulu","District","District",NA,NA
632,235,"TUR","Turkey",54,"Konya",632,"Meram","District","District",NA,NA
633,235,"TUR","Turkey",54,"Konya",633,"Sarayönü","District","District",NA,NA
634,235,"TUR","Turkey",54,"Konya",634,"Selçuklu","District","District",NA,NA
635,235,"TUR","Turkey",54,"Konya",635,"Seydisehir","District","District",NA,NA
636,235,"TUR","Turkey",54,"Konya",636,"Taskent","District","District",NA,NA
637,235,"TUR","Turkey",54,"Konya",637,"Tuzlukçu","District","District",NA,NA
638,235,"TUR","Turkey",54,"Konya",638,"Yalihüyük","District","District",NA,NA
639,235,"TUR","Turkey",54,"Konya",639,"Yunak","District","District",NA,NA
640,235,"TUR","Turkey",55,"Malatya",640,"Akçadag","District","District",NA,NA
641,235,"TUR","Turkey",55,"Malatya",641,"Arapkir","District","District",NA,NA
642,235,"TUR","Turkey",55,"Malatya",642,"Arguvan
","District","District",NA,NA
643,235,"TUR","Turkey",55,"Malatya",643,"Battalgazi","District","District",NA,NA
644,235,"TUR","Turkey",55,"Malatya",644,"Darende","District","District",NA,NA
645,235,"TUR","Turkey",55,"Malatya",645,"Dogansehir","District","District",NA,NA
646,235,"TUR","Turkey",55,"Malatya",646,"Doganyol","District","District",NA,NA
647,235,"TUR","Turkey",55,"Malatya",647,"Hekimhan","District","District",NA,NA
648,235,"TUR","Turkey",55,"Malatya",648,"Kale","District","District",NA,NA
649,235,"TUR","Turkey",55,"Malatya",649,"Kuluncak","District","District",NA,NA
650,235,"TUR","Turkey",55,"Malatya",650,"Merkez","District","District",NA,"Malatya Merkezi"
651,235,"TUR","Turkey",55,"Malatya",651,"Pötürge","District","District",NA,NA
652,235,"TUR","Turkey",55,"Malatya",652,"Yazihan","District","District",NA,NA
653,235,"TUR","Turkey",55,"Malatya",653,"Yesilyurt","District","District",NA,NA
654,235,"TUR","Turkey",56,"Manisa",654,"Ahmetli","District","District",NA,NA
655,235,"TUR","Turkey",56,"Manisa",655,"Akhisar","District","District",NA,NA
656,235,"TUR","Turkey",56,"Manisa",656,"Alasehir","District","District",NA,NA
657,235,"TUR","Turkey",56,"Manisa",657,"Demirci","District","District",NA,NA
658,235,"TUR","Turkey",56,"Manisa",658,"Gölmarmara","District","District",NA,NA
659,235,"TUR","Turkey",56,"Manisa",659,"Gördes","District","District",NA,NA
660,235,"TUR","Turkey",56,"Manisa",660,"Kirkagaç","District","District",NA,NA
661,235,"TUR","Turkey",56,"Manisa",661,"Köprübasi","District","District",NA,NA
662,235,"TUR","Turkey",56,"Manisa",662,"Kula","District","District",NA,NA
663,235,"TUR","Turkey",56,"Manisa",663,"Merkez","District","District",NA,"Manisa Merkezi
 Merkezi"
664,235,"TUR","Turkey",56,"Manisa",664,"Salihli","District","District",NA,NA
665,235,"TUR","Turkey",56,"Manisa",665,"Sarigöl","District","District",NA,NA
666,235,"TUR","Turkey",56,"Manisa",666,"Saruhanli","District","District",NA,NA
667,235,"TUR","Turkey",56,"Manisa",667,"Selendi","District","District",NA,NA
668,235,"TUR","Turkey",56,"Manisa",668,"Soma","District","District",NA,NA
669,235,"TUR","Turkey",56,"Manisa",669,"Turgutlu","District","District",NA,NA
670,235,"TUR","Turkey",57,"Mardin",670,"Ömerli","District","District",NA,NA
671,235,"TUR","Turkey",57,"Mardin",671,"Dargeçit","District","District",NA,NA
672,235,"TUR","Turkey",57,"Mardin",672,"Derik","District","District",NA,NA
673,235,"TUR","Turkey",57,"Mardin",673,"Kiziltepe","District","District",NA,NA
674,235,"TUR","Turkey",57,"Mardin",674,"Mazidagi","District","District",NA,NA
675,235,"TUR","Turkey",57,"Mardin",675,"Merkez
","District","District",NA,"Mardin Merkez"
676,235,"TUR","Turkey",57,"Mardin",676,"Midyat","District","District",NA,NA
677,235,"TUR","Turkey",57,"Mardin",677,"Nusaybin","District","District",NA,NA
678,235,"TUR","Turkey",57,"Mardin",678,"Savur","District","District",NA,NA
679,235,"TUR","Turkey",57,"Mardin",679,"Yesilli","District","District",NA,NA
680,235,"TUR","Turkey",58,"Mersin",680,"Çamliyayla","District","District",NA,NA
681,235,"TUR","Turkey",58,"Mersin",681,"Anamur","District","District",NA,NA
682,235,"TUR","Turkey",58,"Mersin",682,"Aydincik","District","District",NA,NA
683,235,"TUR","Turkey",58,"Mersin",683,"Bozyazi","District","District",NA,NA
684,235,"TUR","Turkey",58,"Mersin",684,"Erdemli","District","District",NA,NA
685,235,"TUR","Turkey",58,"Mersin",685,"Gülnar","District","District",NA,NA
686,235,"TUR","Turkey",58,"Mersin",686,"Merkez","District","District",NA,"Mersin Merkezi"
687,235,"TUR","Turkey",58,"Mersin",687,"Mut","District","District",NA,NA
688,235,"TUR","Turkey",58,"Mersin",688,"Silifke","District","District",NA,NA
689,235,"TUR","Turkey",58,"Mersin",689,"Tarsus","District","District",NA,NA
690,235,"TUR","Turkey",59,"Mugla",690,"Bodrum","District","District",NA,NA
691,235,"TUR","Turkey",59,"Mugla",691,"Dalaman","District","District",NA,NA
692,235,"TUR","Turkey",59,"Mugla",692,"Datça","District","District",NA,NA
693,235,"TUR","Turkey",59,"Mugla",693,"Fethiye","District","District",NA,NA
694,235,"TUR","Turkey",59,"Mugla",694,"Köycegiz","District","District",NA,NA
695,235,"TUR","Turkey",59,"Mugla",695,"Kavaklidere","District","District",NA,NA
696,235,"TUR","Turkey",59,"Mugla",696,"Marmaris","District","District",NA,NA
697,235,"TUR","Turkey",59,"Mugla",697,"Merkez","District","District",NA,"Mugla Merkezi"
698,235,"TUR","Turkey",59,"Mugla",698,"Milas","District","District",NA,NA
699,235,"TUR","Turkey",59,"Mugla",699,"Ortaca","District","District",NA,NA
700,235,"TUR","Turkey",59,"Mugla",700,"Ula","District","District",NA,NA
701,235,"TUR","Turkey",59,"Mugla",701,"Yatagan","District","District",NA,NA
702,235,"TUR","Turkey",60,"Mus",702,"Bulanik","District","District",NA,NA
703,235,"TUR","Turkey",60,"Mus",703,"Hasköy","District","District",NA,NA
704,235,"TUR","Turkey",60,"Mus",704,"Korkut","District","District",NA,NA
705,235,"TUR","Turkey",60,"Mus",705,"Malazgirt","District","District",NA,NA
706,235,"TUR","Turkey",60,"Mus",706,"Merkez","District","District",NA,"Mus"
707,235,"TUR","Turkey",60,"Mus",707,"Varto","District","District",NA,NA
708,235,"TUR","Turkey",61,"Nevsehir",708,"Acigöl","District","District",NA,NA
709,235,"TUR","Turkey",61,"Nevsehir",709,"Ürgüp","District","District",NA,NA
710,235,"TUR","Turkey",61,"Nevsehir",710,"Avanos
","District","District",NA,NA
711,235,"TUR","Turkey",61,"Nevsehir",711,"Derinkuyu","District","District",NA,NA
712,235,"TUR","Turkey",61,"Nevsehir",712,"Gülsehir","District","District",NA,NA
713,235,"TUR","Turkey",61,"Nevsehir",713,"Hacibektas","District","District",NA,NA
714,235,"TUR","Turkey",61,"Nevsehir",714,"Kozakli","District","District",NA,NA
715,235,"TUR","Turkey",61,"Nevsehir",715,"Merkez","District","District",NA,"Nevsehir"
716,235,"TUR","Turkey",62,"Nigde",716,"Çamardi","District","District",NA,NA
717,235,"TUR","Turkey",62,"Nigde",717,"Çiftlik","District","District",NA,NA
718,235,"TUR","Turkey",62,"Nigde",718,"Altunhisar","District","District",NA,NA
719,235,"TUR","Turkey",62,"Nigde",719,"Bor","District","District",NA,NA
720,235,"TUR","Turkey",62,"Nigde",720,"Merkez","District","District",NA,"Nigde"
721,235,"TUR","Turkey",62,"Nigde",721,"Ulukisla","District","District",NA,NA
722,235,"TUR","Turkey",63,"Ordu",722,"Ikizce","District","District",NA,NA
723,235,"TUR","Turkey",63,"Ordu",723,"Çamas","District","District",NA,NA
724,235,"TUR","Turkey",63,"Ordu",724,"Çaybasi","District","District",NA,NA
725,235,"TUR","Turkey",63,"Ordu",725,"Akkus","District","District",NA,NA
726,235,"TUR","Turkey",63,"Ordu",726,"Ünye","District","District",NA,NA
727,235,"TUR","Turkey",63,"Ordu",727,"Aybasti","District","District",NA,NA
728,235,"TUR","Turkey",63,"Ordu",728,"Fatsa","District","District",NA,NA
729,235,"TUR","Turkey",63,"Ordu",729,"Gölköy","District","District",NA,NA
730,235,"TUR","Turkey",63,"Ordu",730,"Gülyali","District","District",NA,NA
731,235,"TUR","Turkey",63,"Ordu",731,"Gürgentepe","District","District",NA,NA
732,235,"TUR","Turkey",63,"Ordu",732,"Kabadüz","District","District",NA,NA
733,235,"TUR","Turkey",63,"Ordu",733,"Kabatas","District","District",NA,NA
734,235,"TUR","Turkey",63,"Ordu",734,"Korgan","District","District",NA,NA
735,235,"TUR","Turkey",63,"Ordu",735,"Kumru","District","District",NA,NA
736,235,"TUR","Turkey",63,"Ordu",736,"Merkez","District","District",NA,"Odu Merkez"
737,235,"TUR","Turkey",63,"Ordu",737,"Mesudiye","District","District",NA,NA
738,235,"TUR","Turkey",63,"Ordu",738,"Persembe","District","District",NA,NA
739,235,"TUR","Turkey",63,"Ordu",739,"Ulubey","District","District",NA,NA
740,235,"TUR","Turkey",64,"Osmaniye",740,"Bahçe","District","District",NA,NA
741,235,"TUR","Turkey",64,"Osmaniye",741,"Düziçi","District","District",NA,NA
742,235,"TUR","Turkey",64,"Osmaniye",742,"Hasanbeyli","District","District",NA,NA
743,235,"TUR","Turkey",64,"Osmaniye",743,"Kadirli
","District","District",NA,NA
744,235,"TUR","Turkey",64,"Osmaniye",744,"Merkez","District","District",NA,"Osmaniye"
745,235,"TUR","Turkey",64,"Osmaniye",745,"Sumbas","District","District",NA,NA
746,235,"TUR","Turkey",64,"Osmaniye",746,"Toprakkale","District","District",NA,NA
747,235,"TUR","Turkey",65,"Rize",747,"Ikizdere","District","District",NA,NA
748,235,"TUR","Turkey",65,"Rize",748,"Iyidere","District","District",NA,NA
749,235,"TUR","Turkey",65,"Rize",749,"Çamlihemsin","District","District",NA,NA
750,235,"TUR","Turkey",65,"Rize",750,"Çayeli","District","District",NA,NA
751,235,"TUR","Turkey",65,"Rize",751,"Ardesen","District","District",NA,NA
752,235,"TUR","Turkey",65,"Rize",752,"Derepazari","District","District",NA,NA
753,235,"TUR","Turkey",65,"Rize",753,"Findikli","District","District",NA,NA
754,235,"TUR","Turkey",65,"Rize",754,"Güneysu","District","District",NA,NA
755,235,"TUR","Turkey",65,"Rize",755,"Hemsin","District","District",NA,NA
756,235,"TUR","Turkey",65,"Rize",756,"Kalkandere","District","District",NA,NA
757,235,"TUR","Turkey",65,"Rize",757,"Merkez","District","District",NA,"Rize"
758,235,"TUR","Turkey",65,"Rize",758,"Pazar","District","District",NA,NA
759,235,"TUR","Turkey",66,"Sakarya",759,"Akyazi","District","District",NA,NA
760,235,"TUR","Turkey",66,"Sakarya",760,"Ferizli","District","District",NA,NA
761,235,"TUR","Turkey",66,"Sakarya",761,"Geyve","District","District",NA,NA
762,235,"TUR","Turkey",66,"Sakarya",762,"Hendek","District","District",NA,NA
763,235,"TUR","Turkey",66,"Sakarya",763,"Karapürçek","District","District",NA,NA
764,235,"TUR","Turkey",66,"Sakarya",764,"Karasu","District","District",NA,NA
765,235,"TUR","Turkey",66,"Sakarya",765,"Kaynarca","District","District",NA,NA
766,235,"TUR","Turkey",66,"Sakarya",766,"Kocaali","District","District",NA,NA
767,235,"TUR","Turkey",66,"Sakarya",767,"Merkez","District","District",NA,"Sakarya Merkezi"
768,235,"TUR","Turkey",66,"Sakarya",768,"Pamukova","District","District",NA,NA
769,235,"TUR","Turkey",66,"Sakarya",769,"Sögütlü","District","District",NA,NA
770,235,"TUR","Turkey",66,"Sakarya",770,"Sapanca","District","District",NA,NA
771,235,"TUR","Turkey",66,"Sakarya",771,"Tarakli","District","District",NA,NA
772,235,"TUR","Turkey",67,"Samsun",772,"Çarsamba","District","District",NA,NA
773,235,"TUR","Turkey",67,"Samsun",773,"Alaçam","District","District",NA,NA
774,235,"TUR","Turkey",67,"Samsun",774,"Asarcik","District","District",NA,NA
775,235,"TUR","Turkey",67,"Samsun",775,"Ayvacik","District","District",NA,NA
776,235,"TUR","Turkey",67,"Samsun",776,"Bafra","District","District",NA,NA
777,235,"TUR","Turkey",67,"Samsun",777,"Havza","District","District",NA,NA
778,235,"TUR","Turkey",67,"Samsun",778,"Kavak","District","District",NA,NA
779,235,"TUR","Turkey",67,"Samsun",779,"Ladik","District","District",NA,NA
780,235,"TUR","Turkey",67,"Samsun",780,"Merkez","District","District",NA,"Samsun Merkezi
 Merkezi
"
781,235,"TUR","Turkey",67,"Samsun",781,"Ondokuz Mayis","District","District",NA,NA
782,235,"TUR","Turkey",67,"Samsun",782,"Salipazari","District","District",NA,NA
783,235,"TUR","Turkey",67,"Samsun",783,"Tekkeköy","District","District",NA,NA
784,235,"TUR","Turkey",67,"Samsun",784,"Terme","District","District",NA,NA
785,235,"TUR","Turkey",67,"Samsun",785,"Vezirköprü
","District","District",NA,NA
786,235,"TUR","Turkey",67,"Samsun",786,"Yakakent","District","District",NA,NA
787,235,"TUR","Turkey",68,"Sanliurfa",787,"Akçakale
","District","District",NA,NA
788,235,"TUR","Turkey",68,"Sanliurfa",788,"Birecik","District","District",NA,NA
789,235,"TUR","Turkey",68,"Sanliurfa",789,"Bozova","District","District",NA,NA
790,235,"TUR","Turkey",68,"Sanliurfa",790,"Ceylanpinar","District","District",NA,NA
791,235,"TUR","Turkey",68,"Sanliurfa",791,"Halfeti","District","District",NA,NA
792,235,"TUR","Turkey",68,"Sanliurfa",792,"Harran","District","District",NA,NA
793,235,"TUR","Turkey",68,"Sanliurfa",793,"Hilvan","District","District",NA,NA
794,235,"TUR","Turkey",68,"Sanliurfa",794,"Merkez","District","District",NA,"Sanhufra Merkezi"
795,235,"TUR","Turkey",68,"Sanliurfa",795,"Siverek","District","District",NA,NA
796,235,"TUR","Turkey",68,"Sanliurfa",796,"Suruç","District","District",NA,NA
797,235,"TUR","Turkey",68,"Sanliurfa",797,"Viransehir","District","District",NA,NA
798,235,"TUR","Turkey",69,"Siirt",798,"Aydinlar","District","District",NA,NA
799,235,"TUR","Turkey",69,"Siirt",799,"Sirvan","District","District",NA,NA
800,235,"TUR","Turkey",69,"Siirt",800,"Baykan","District","District",NA,NA
801,235,"TUR","Turkey",69,"Siirt",801,"Eruh","District","District",NA,NA
802,235,"TUR","Turkey",69,"Siirt",802,"Kurtalan","District","District",NA,NA
803,235,"TUR","Turkey",69,"Siirt",803,"Merkez","District","District",NA,"Siirt"
804,235,"TUR","Turkey",69,"Siirt",804,"Pervari","District","District",NA,NA
805,235,"TUR","Turkey",70,"Sinop",805,"Ayancik","District","District",NA,NA
806,235,"TUR","Turkey",70,"Sinop",806,"Boyabat","District","District",NA,NA
807,235,"TUR","Turkey",70,"Sinop",807,"Dikmen","District","District",NA,NA
808,235,"TUR","Turkey",70,"Sinop",808,"Duragan","District","District",NA,NA
809,235,"TUR","Turkey",70,"Sinop",809,"Erfelek","District","District",NA,NA
810,235,"TUR","Turkey",70,"Sinop",810,"Gerze","District","District",NA,NA
811,235,"TUR","Turkey",70,"Sinop",811,"Merkez","District","District",NA,"Sinop"
812,235,"TUR","Turkey",70,"Sinop",812,"Saraydüzü","District","District",NA,NA
813,235,"TUR","Turkey",70,"Sinop",813,"Türkeli","District","District",NA,NA
814,235,"TUR","Turkey",71,"Sirnak",814,"Idil","District","District",NA,NA
815,235,"TUR","Turkey",71,"Sirnak",815,"Beytüssebap","District","District",NA,NA
816,235,"TUR","Turkey",71,"Sirnak",816,"Cizre","District","District",NA,NA
817,235,"TUR","Turkey",71,"Sirnak",817,"Güçlükonak","District","District",NA,NA
818,235,"TUR","Turkey",71,"Sirnak",818,"Merkez","District","District",NA,"Sirnak"
819,235,"TUR","Turkey",71,"Sirnak",819,"Silopi
","District","District",NA,NA
820,235,"TUR","Turkey",71,"Sirnak",820,"Uludere","District","District",NA,NA
821,235,"TUR","Turkey",72,"Sivas",821,"Imranli","District","District",NA,NA
822,235,"TUR","Turkey",72,"Sivas",822,"Akincilar","District","District",NA,NA
823,235,"TUR","Turkey",72,"Sivas",823,"Altinyayla","District","District",NA,NA
824,235,"TUR","Turkey",72,"Sivas",824,"Sarkisla","District","District",NA,NA
825,235,"TUR","Turkey",72,"Sivas",825,"Divrigi","District","District",NA,NA
826,235,"TUR","Turkey",72,"Sivas",826,"Dogansar
","District","District",NA,NA
827,235,"TUR","Turkey",72,"Sivas",827,"Gölova","District","District",NA,NA
828,235,"TUR","Turkey",72,"Sivas",828,"Gürün","District","District",NA,NA
829,235,"TUR","Turkey",72,"Sivas",829,"Gemerek","District","District",NA,NA
830,235,"TUR","Turkey",72,"Sivas",830,"Hafik","District","District",NA,NA
831,235,"TUR","Turkey",72,"Sivas",831,"Kangal","District","District",NA,NA
832,235,"TUR","Turkey",72,"Sivas",832,"Koyulhisar","District","District",NA,NA
833,235,"TUR","Turkey",72,"Sivas",833,"Merkez","District","District",NA,"Sivas Merkezi"
834,235,"TUR","Turkey",72,"Sivas",834,"Susehri","District","District",NA,NA
835,235,"TUR","Turkey",72,"Sivas",835,"Ulas","District","District",NA,NA
836,235,"TUR","Turkey",72,"Sivas",836,"Yildizeli","District","District",NA,NA
837,235,"TUR","Turkey",72,"Sivas",837,"Zara","District","District",NA,NA
838,235,"TUR","Turkey",73,"Tekirdag",838,"Çerkezköy","District","District",NA,NA
839,235,"TUR","Turkey",73,"Tekirdag",839,"Çorlu","District","District",NA,NA
840,235,"TUR","Turkey",73,"Tekirdag",840,"Sarköy","District","District",NA,NA
841,235,"TUR","Turkey",73,"Tekirdag",841,"Hayrabolu","District","District",NA,NA
842,235,"TUR","Turkey",73,"Tekirdag",842,"Malkara","District","District",NA,NA
843,235,"TUR","Turkey",73,"Tekirdag",843,"Marmaraereglisi","District","District",NA,NA
844,235,"TUR","Turkey",73,"Tekirdag",844,"Merkez","District","District",NA,"Tekirdag Merkezi"
845,235,"TUR","Turkey",73,"Tekirdag",845,"Muratli","District","District",NA,NA
846,235,"TUR","Turkey",73,"Tekirdag",846,"Saray","District","District",NA,NA
847,235,"TUR","Turkey",74,"Tokat",847,"Almus","District","District",NA,NA
848,235,"TUR","Turkey",74,"Tokat",848,"Artova","District","District",NA,NA
849,235,"TUR","Turkey",74,"Tokat",849,"Basçiftlik","District","District",NA,NA
850,235,"TUR","Turkey",74,"Tokat",850,"Erbaa","District","District",NA,NA
851,235,"TUR","Turkey",74,"Tokat",851,"Merkez
","District","District",NA,"Tokat"
852,235,"TUR","Turkey",74,"Tokat",852,"Niksar","District","District",NA,NA
853,235,"TUR","Turkey",74,"Tokat",853,"Pazar","District","District",NA,NA
854,235,"TUR","Turkey",74,"Tokat",854,"Resadiye","District","District",NA,NA
855,235,"TUR","Turkey",74,"Tokat",855,"Sulusaray","District","District",NA,NA
856,235,"TUR","Turkey",74,"Tokat",856,"Turhal
","District","District",NA,NA
857,235,"TUR","Turkey",74,"Tokat",857,"Yesilyurt","District","District",NA,NA
858,235,"TUR","Turkey",74,"Tokat",858,"Zile","District","District",NA,NA
859,235,"TUR","Turkey",75,"Trabzon",859,"Çarsibasi","District","District",NA,NA
860,235,"TUR","Turkey",75,"Trabzon",860,"Çaykara","District","District",NA,NA
861,235,"TUR","Turkey",75,"Trabzon",861,"Akçaabat","District","District",NA,NA
862,235,"TUR","Turkey",75,"Trabzon",862,"Arakli","District","District",NA,NA
863,235,"TUR","Turkey",75,"Trabzon",863,"Arsin","District","District",NA,NA
864,235,"TUR","Turkey",75,"Trabzon",864,"Salpazari","District","District",NA,NA
865,235,"TUR","Turkey",75,"Trabzon",865,"Besikdüzü","District","District",NA,NA
866,235,"TUR","Turkey",75,"Trabzon",866,"Düzköy","District","District",NA,NA
867,235,"TUR","Turkey",75,"Trabzon",867,"Dernekpazari","District","District",NA,NA
868,235,"TUR","Turkey",75,"Trabzon",868,"Hayrat","District","District",NA,NA
869,235,"TUR","Turkey",75,"Trabzon",869,"Köprübasi","District","District",NA,NA
870,235,"TUR","Turkey",75,"Trabzon",870,"Maçka","District","District",NA,NA
871,235,"TUR","Turkey",75,"Trabzon",871,"Merkez","District","District",NA,"Trabzon Merkez"
872,235,"TUR","Turkey",75,"Trabzon",872,"Of","District","District",NA,NA
873,235,"TUR","Turkey",75,"Trabzon",873,"Sürmene","District","District",NA,NA
874,235,"TUR","Turkey",75,"Trabzon",874,"Tonya","District","District",NA,NA
875,235,"TUR","Turkey",75,"Trabzon",875,"Vakfikebir","District","District",NA,NA
876,235,"TUR","Turkey",75,"Trabzon",876,"Yomra","District","District",NA,NA
877,235,"TUR","Turkey",76,"Tunceli",877,"Çemisgezek","District","District",NA,NA
878,235,"TUR","Turkey",76,"Tunceli",878,"Hozat
","District","District",NA,NA
879,235,"TUR","Turkey",76,"Tunceli",879,"Mazgirt","District","District",NA,NA
880,235,"TUR","Turkey",76,"Tunceli",880,"Merkez","District","District",NA,"Tunceli"
881,235,"TUR","Turkey",76,"Tunceli",881,"Nazimiye","District","District",NA,NA
882,235,"TUR","Turkey",76,"Tunceli",882,"Ovacik","District","District",NA,NA
883,235,"TUR","Turkey",76,"Tunceli",883,"Pülümür","District","District",NA,NA
884,235,"TUR","Turkey",76,"Tunceli",884,"Pertek","District","District",NA,NA
885,235,"TUR","Turkey",77,"Usak",885,"Banaz","District","District",NA,NA
886,235,"TUR","Turkey",77,"Usak",886,"Esme","District","District",NA,NA
887,235,"TUR","Turkey",77,"Usak",887,"Karahalli","District","District",NA,NA
888,235,"TUR","Turkey",77,"Usak",888,"Merkez","District","District",NA,"Usak
"
889,235,"TUR","Turkey",77,"Usak",889,"Sivasli","District","District",NA,NA
890,235,"TUR","Turkey",77,"Usak",890,"Ulubey","District","District",NA,NA
891,235,"TUR","Turkey",78,"Van",891,"Özalp","District","District",NA,NA
892,235,"TUR","Turkey",78,"Van",892,"Çaldiran","District","District",NA,NA
893,235,"TUR","Turkey",78,"Van",893,"Çatak","District","District",NA,NA
894,235,"TUR","Turkey",78,"Van",894,"Baskale","District","District",NA,NA
895,235,"TUR","Turkey",78,"Van",895,"Bahçesaray","District","District",NA,NA
896,235,"TUR","Turkey",78,"Van",896,"Edremit","District","District",NA,NA
897,235,"TUR","Turkey",78,"Van",897,"Ercis","District","District",NA,NA
898,235,"TUR","Turkey",78,"Van",898,"Gürpinar","District","District",NA,NA
899,235,"TUR","Turkey",78,"Van",899,"Gevas","District","District",NA,NA
900,235,"TUR","Turkey",78,"Van",900,"Merkez","District","District",NA,"Van Merkez
"
901,235,"TUR","Turkey",78,"Van",901,"Muradiye","District","District",NA,NA
902,235,"TUR","Turkey",78,"Van",902,"Saray","District","District",NA,NA
903,235,"TUR","Turkey",79,"Yalova",903,"Çinarcik","District","District",NA,NA
904,235,"TUR","Turkey",79,"Yalova",904,"Çiftlikköy","District","District",NA,NA
905,235,"TUR","Turkey",79,"Yalova",905,"Altinova","District","District",NA,NA
906,235,"TUR","Turkey",79,"Yalova",906,"Armutlu","District","District",NA,NA
907,235,"TUR","Turkey",79,"Yalova",907,"Merkez","District","District",NA,"Yalova"
908,235,"TUR","Turkey",79,"Yalova",908,"Termal","District","District",NA,NA
909,235,"TUR","Turkey",80,"Yozgat",909,"Çandir","District","District",NA,NA
910,235,"TUR","Turkey",80,"Yozgat",910,"Çayiralan","District","District",NA,NA
911,235,"TUR","Turkey",80,"Yozgat",911,"Çekerek","District","District",NA,NA
912,235,"TUR","Turkey",80,"Yozgat",912,"Akdagmadeni","District","District",NA,NA
913,235,"TUR","Turkey",80,"Yozgat",913,"Aydincik","District","District",NA,NA
914,235,"TUR","Turkey",80,"Yozgat",914,"Sefaatli","District","District",NA,NA
915,235,"TUR","Turkey",80,"Yozgat",915,"Bogazliyan","District","District",NA,NA
916,235,"TUR","Turkey",80,"Yozgat",916,"Kadisehri","District","District",NA,NA
917,235,"TUR","Turkey",80,"Yozgat",917,"Merkez","District","District",NA,"Yozgat"
918,235,"TUR","Turkey",80,"Yozgat",918,"Sarikaya","District","District",NA,NA
919,235,"TUR","Turkey",80,"Yozgat",919,"Saraykent","District","District",NA,NA
920,235,"TUR","Turkey",80,"Yozgat",920,"Sorgun","District","District",NA,NA
921,235,"TUR","Turkey",80,"Yozgat",921,"Yenifakili","District","District",NA,NA
922,235,"TUR","Turkey",80,"Yozgat",922,"Yerköy","District","District",NA,NA
923,235,"TUR","Turkey",81,"Zinguldak",923,"Çaycuma","District","District",NA,NA
924,235,"TUR","Turkey",81,"Zinguldak",924,"Alapli","District","District",NA,NA
925,235,"TUR","Turkey",81,"Zinguldak",925,"Devrek","District","District",NA,NA
926,235,"TUR","Turkey",81,"Zinguldak",926,"Eregli","District","District",NA,NA
927,235,"TUR","Turkey",81,"Zinguldak",927,"Gökçebey","District","District",NA,NA
928,235,"TUR","Turkey",81,"Zinguldak",928,"Merkez","District","District",NA,"Zonguldak"
