"","date","province","country","lat","long","type","cases"
"1",2020-12-11,"","Georgia",42.3154,43.3569,"confirmed",4146
"2",2020-12-11,"","Georgia",42.3154,43.3569,"death",37
"3",2020-12-11,"","Georgia",42.3154,43.3569,"recovered",2129
"4",2020-12-10,"","Georgia",42.3154,43.3569,"confirmed",4570
"5",2020-12-10,"","Georgia",42.3154,43.3569,"death",43
"6",2020-12-10,"","Georgia",42.3154,43.3569,"recovered",3045
"7",2020-12-09,"","Georgia",42.3154,43.3569,"confirmed",4734
"8",2020-12-09,"","Georgia",42.3154,43.3569,"death",38
"9",2020-12-09,"","Georgia",42.3154,43.3569,"recovered",3895
"10",2020-12-08,"","Georgia",42.3154,43.3569,"confirmed",4673
"11",2020-12-08,"","Georgia",42.3154,43.3569,"death",36
"12",2020-12-08,"","Georgia",42.3154,43.3569,"recovered",3893
"13",2020-12-07,"","Georgia",42.3154,43.3569,"confirmed",2501
"14",2020-12-07,"","Georgia",42.3154,43.3569,"death",36
"15",2020-12-07,"","Georgia",42.3154,43.3569,"recovered",3988
"16",2020-12-06,"","Georgia",42.3154,43.3569,"confirmed",4321
"17",2020-12-06,"","Georgia",42.3154,43.3569,"death",42
"18",2020-12-06,"","Georgia",42.3154,43.3569,"recovered",4301
"19",2020-12-05,"","Georgia",42.3154,43.3569,"confirmed",5450
"20",2020-12-05,"","Georgia",42.3154,43.3569,"death",37
"21",2020-12-05,"","Georgia",42.3154,43.3569,"recovered",2306
"22",2020-12-04,"","Georgia",42.3154,43.3569,"confirmed",5068
"23",2020-12-04,"","Georgia",42.3154,43.3569,"death",38
"24",2020-12-04,"","Georgia",42.3154,43.3569,"recovered",2336
"25",2020-12-03,"","Georgia",42.3154,43.3569,"confirmed",4260
"26",2020-12-03,"","Georgia",42.3154,43.3569,"death",45
"27",2020-12-03,"","Georgia",42.3154,43.3569,"recovered",2947
"28",2020-12-02,"","Georgia",42.3154,43.3569,"confirmed",4033
"29",2020-12-02,"","Georgia",42.3154,43.3569,"death",39
"30",2020-12-02,"","Georgia",42.3154,43.3569,"recovered",4061
"31",2020-12-01,"","Georgia",42.3154,43.3569,"confirmed",3759
"32",2020-12-01,"","Georgia",42.3154,43.3569,"death",36
"33",2020-12-01,"","Georgia",42.3154,43.3569,"recovered",3574
"34",2020-11-30,"","Georgia",42.3154,43.3569,"confirmed",3216
"35",2020-11-30,"","Georgia",42.3154,43.3569,"death",37
"36",2020-11-30,"","Georgia",42.3154,43.3569,"recovered",3937
"37",2020-11-29,"","Georgia",42.3154,43.3569,"confirmed",4426
"38",2020-11-29,"","Georgia",42.3154,43.3569,"death",35
"39",2020-11-29,"","Georgia",42.3154,43.3569,"recovered",3721
"40",2020-11-28,"","Georgia",42.3154,43.3569,"confirmed",4472
"41",2020-11-28,"","Georgia",42.3154,43.3569,"death",34
"42",2020-11-28,"","Georgia",42.3154,43.3569,"recovered",4058
"43",2020-11-27,"","Georgia",42.3154,43.3569,"confirmed",4780
"44",2020-11-27,"","Georgia",42.3154,43.3569,"death",37
"45",2020-11-27,"","Georgia",42.3154,43.3569,"recovered",3489
"46",2020-11-26,"","Georgia",42.3154,43.3569,"confirmed",3801
"47",2020-11-26,"","Georgia",42.3154,43.3569,"death",39
"48",2020-11-26,"","Georgia",42.3154,43.3569,"recovered",3200
"49",2020-11-25,"","Georgia",42.3154,43.3569,"confirmed",3071
"50",2020-11-25,"","Georgia",42.3154,43.3569,"death",34
"51",2020-11-25,"","Georgia",42.3154,43.3569,"recovered",3366
"52",2020-11-24,"","Georgia",42.3154,43.3569,"confirmed",3128
"53",2020-11-24,"","Georgia",42.3154,43.3569,"death",39
"54",2020-11-24,"","Georgia",42.3154,43.3569,"recovered",3045
"55",2020-11-23,"","Georgia",42.3154,43.3569,"confirmed",3958
"56",2020-11-23,"","Georgia",42.3154,43.3569,"death",36
"57",2020-11-23,"","Georgia",42.3154,43.3569,"recovered",3531
"58",2020-11-22,"","Georgia",42.3154,43.3569,"confirmed",4048
"59",2020-11-22,"","Georgia",42.3154,43.3569,"death",49
"60",2020-11-22,"","Georgia",42.3154,43.3569,"recovered",3856
"61",2020-11-21,"","Georgia",42.3154,43.3569,"confirmed",3824
"62",2020-11-21,"","Georgia",42.3154,43.3569,"death",33
"63",2020-11-21,"","Georgia",42.3154,43.3569,"recovered",3851
"64",2020-11-20,"","Georgia",42.3154,43.3569,"confirmed",3768
"65",2020-11-20,"","Georgia",42.3154,43.3569,"death",41
"66",2020-11-20,"","Georgia",42.3154,43.3569,"recovered",4055
"67",2020-11-19,"","Georgia",42.3154,43.3569,"confirmed",3697
"68",2020-11-19,"","Georgia",42.3154,43.3569,"death",38
"69",2020-11-19,"","Georgia",42.3154,43.3569,"recovered",2409
"70",2020-11-18,"","Georgia",42.3154,43.3569,"confirmed",3443
"71",2020-11-18,"","Georgia",42.3154,43.3569,"death",37
"72",2020-11-18,"","Georgia",42.3154,43.3569,"recovered",2539
"73",2020-11-17,"","Georgia",42.3154,43.3569,"confirmed",3117
"74",2020-11-17,"","Georgia",42.3154,43.3569,"death",45
"75",2020-11-17,"","Georgia",42.3154,43.3569,"recovered",3638
"76",2020-11-16,"","Georgia",42.3154,43.3569,"confirmed",3157
"77",2020-11-16,"","Georgia",42.3154,43.3569,"death",30
"78",2020-11-16,"","Georgia",42.3154,43.3569,"recovered",3230
"79",2020-11-15,"","Georgia",42.3154,43.3569,"confirmed",3020
"80",2020-11-15,"","Georgia",42.3154,43.3569,"death",34
"81",2020-11-15,"","Georgia",42.3154,43.3569,"recovered",3387
"82",2020-11-14,"","Georgia",42.3154,43.3569,"confirmed",3504
"83",2020-11-14,"","Georgia",42.3154,43.3569,"death",33
"84",2020-11-14,"","Georgia",42.3154,43.3569,"recovered",3163
"85",2020-11-13,"","Georgia",42.3154,43.3569,"confirmed",3473
"86",2020-11-13,"","Georgia",42.3154,43.3569,"death",37
"87",2020-11-13,"","Georgia",42.3154,43.3569,"recovered",3342
"88",2020-11-12,"","Georgia",42.3154,43.3569,"confirmed",3120
"89",2020-11-12,"","Georgia",42.3154,43.3569,"death",33
"90",2020-11-12,"","Georgia",42.3154,43.3569,"recovered",2358
"91",2020-11-11,"","Georgia",42.3154,43.3569,"confirmed",2911
"92",2020-11-11,"","Georgia",42.3154,43.3569,"death",45
"93",2020-11-11,"","Georgia",42.3154,43.3569,"recovered",2421
"94",2020-11-10,"","Georgia",42.3154,43.3569,"confirmed",2970
"95",2020-11-10,"","Georgia",42.3154,43.3569,"death",22
"96",2020-11-10,"","Georgia",42.3154,43.3569,"recovered",2348
"97",2020-11-09,"","Georgia",42.3154,43.3569,"confirmed",2927
"98",2020-11-09,"","Georgia",42.3154,43.3569,"death",24
"99",2020-11-09,"","Georgia",42.3154,43.3569,"recovered",2470
"100",2020-11-08,"","Georgia",42.3154,43.3569,"confirmed",2901
"101",2020-11-08,"","Georgia",42.3154,43.3569,"death",34
"102",2020-11-08,"","Georgia",42.3154,43.3569,"recovered",2799
"103",2020-11-07,"","Georgia",42.3154,43.3569,"confirmed",2859
"104",2020-11-07,"","Georgia",42.3154,43.3569,"death",18
"105",2020-11-07,"","Georgia",42.3154,43.3569,"recovered",2754
"106",2020-11-06,"","Georgia",42.3154,43.3569,"confirmed",2775
"107",2020-11-06,"","Georgia",42.3154,43.3569,"death",22
"108",2020-11-06,"","Georgia",42.3154,43.3569,"recovered",3560
"109",2020-11-05,"","Georgia",42.3154,43.3569,"confirmed",2401
"110",2020-11-05,"","Georgia",42.3154,43.3569,"death",20
"111",2020-11-05,"","Georgia",42.3154,43.3569,"recovered",2289
"112",2020-11-04,"","Georgia",42.3154,43.3569,"confirmed",2295
"113",2020-11-04,"","Georgia",42.3154,43.3569,"death",19
"114",2020-11-04,"","Georgia",42.3154,43.3569,"recovered",2537
"115",2020-11-03,"","Georgia",42.3154,43.3569,"confirmed",1943
"116",2020-11-03,"","Georgia",42.3154,43.3569,"death",20
"117",2020-11-03,"","Georgia",42.3154,43.3569,"recovered",1833
"118",2020-11-02,"","Georgia",42.3154,43.3569,"confirmed",1852
"119",2020-11-02,"","Georgia",42.3154,43.3569,"death",7
"120",2020-11-02,"","Georgia",42.3154,43.3569,"recovered",1696
"121",2020-11-01,"","Georgia",42.3154,43.3569,"confirmed",1791
"122",2020-11-01,"","Georgia",42.3154,43.3569,"death",28
"123",2020-11-01,"","Georgia",42.3154,43.3569,"recovered",2413
"124",2020-10-31,"","Georgia",42.3154,43.3569,"confirmed",1673
"125",2020-10-31,"","Georgia",42.3154,43.3569,"death",22
"126",2020-10-31,"","Georgia",42.3154,43.3569,"recovered",2881
"127",2020-10-30,"","Georgia",42.3154,43.3569,"confirmed",1696
"128",2020-10-30,"","Georgia",42.3154,43.3569,"death",12
"129",2020-10-30,"","Georgia",42.3154,43.3569,"recovered",2906
"130",2020-10-29,"","Georgia",42.3154,43.3569,"confirmed",1709
"131",2020-10-29,"","Georgia",42.3154,43.3569,"death",20
"132",2020-10-29,"","Georgia",42.3154,43.3569,"recovered",2075
"133",2020-10-28,"","Georgia",42.3154,43.3569,"confirmed",1731
"134",2020-10-28,"","Georgia",42.3154,43.3569,"death",15
"135",2020-10-28,"","Georgia",42.3154,43.3569,"recovered",2197
"136",2020-10-27,"","Georgia",42.3154,43.3569,"confirmed",1824
"137",2020-10-27,"","Georgia",42.3154,43.3569,"death",23
"138",2020-10-27,"","Georgia",42.3154,43.3569,"recovered",1262
"139",2020-10-26,"","Georgia",42.3154,43.3569,"confirmed",1872
"140",2020-10-26,"","Georgia",42.3154,43.3569,"death",14
"141",2020-10-26,"","Georgia",42.3154,43.3569,"recovered",603
"142",2020-10-25,"","Georgia",42.3154,43.3569,"confirmed",1928
"143",2020-10-25,"","Georgia",42.3154,43.3569,"death",8
"144",2020-10-25,"","Georgia",42.3154,43.3569,"recovered",604
"145",2020-10-24,"","Georgia",42.3154,43.3569,"confirmed",1941
"146",2020-10-24,"","Georgia",42.3154,43.3569,"death",10
"147",2020-10-24,"","Georgia",42.3154,43.3569,"recovered",412
"148",2020-10-23,"","Georgia",42.3154,43.3569,"confirmed",1759
"149",2020-10-23,"","Georgia",42.3154,43.3569,"death",5
"150",2020-10-23,"","Georgia",42.3154,43.3569,"recovered",350
"151",2020-10-22,"","Georgia",42.3154,43.3569,"confirmed",1595
"152",2020-10-22,"","Georgia",42.3154,43.3569,"death",6
"153",2020-10-22,"","Georgia",42.3154,43.3569,"recovered",398
"154",2020-10-21,"","Georgia",42.3154,43.3569,"confirmed",1351
"155",2020-10-21,"","Georgia",42.3154,43.3569,"death",14
"156",2020-10-21,"","Georgia",42.3154,43.3569,"recovered",337
"157",2020-10-20,"","Georgia",42.3154,43.3569,"confirmed",1194
"158",2020-10-20,"","Georgia",42.3154,43.3569,"death",15
"159",2020-10-20,"","Georgia",42.3154,43.3569,"recovered",328
"160",2020-10-19,"","Georgia",42.3154,43.3569,"confirmed",1186
"161",2020-10-19,"","Georgia",42.3154,43.3569,"death",7
"162",2020-10-19,"","Georgia",42.3154,43.3569,"recovered",278
"163",2020-10-18,"","Georgia",42.3154,43.3569,"confirmed",1192
"164",2020-10-18,"","Georgia",42.3154,43.3569,"death",8
"165",2020-10-18,"","Georgia",42.3154,43.3569,"recovered",233
"166",2020-10-17,"","Georgia",42.3154,43.3569,"confirmed",958
"167",2020-10-17,"","Georgia",42.3154,43.3569,"death",4
"168",2020-10-17,"","Georgia",42.3154,43.3569,"recovered",214
"169",2020-10-16,"","Georgia",42.3154,43.3569,"confirmed",887
"170",2020-10-16,"","Georgia",42.3154,43.3569,"death",11
"171",2020-10-16,"","Georgia",42.3154,43.3569,"recovered",246
"172",2020-10-15,"","Georgia",42.3154,43.3569,"confirmed",919
"173",2020-10-15,"","Georgia",42.3154,43.3569,"death",4
"174",2020-10-15,"","Georgia",42.3154,43.3569,"recovered",208
"175",2020-10-14,"","Georgia",42.3154,43.3569,"confirmed",680
"176",2020-10-14,"","Georgia",42.3154,43.3569,"death",7
"177",2020-10-14,"","Georgia",42.3154,43.3569,"recovered",292
"178",2020-10-13,"","Georgia",42.3154,43.3569,"confirmed",569
"179",2020-10-13,"","Georgia",42.3154,43.3569,"death",9
"180",2020-10-13,"","Georgia",42.3154,43.3569,"recovered",329
"181",2020-10-12,"","Georgia",42.3154,43.3569,"confirmed",478
"182",2020-10-12,"","Georgia",42.3154,43.3569,"death",8
"183",2020-10-12,"","Georgia",42.3154,43.3569,"recovered",211
"184",2020-10-11,"","Georgia",42.3154,43.3569,"confirmed",523
"185",2020-10-11,"","Georgia",42.3154,43.3569,"death",7
"186",2020-10-11,"","Georgia",42.3154,43.3569,"recovered",208
"187",2020-10-10,"","Georgia",42.3154,43.3569,"confirmed",519
"188",2020-10-10,"","Georgia",42.3154,43.3569,"death",6
"189",2020-10-10,"","Georgia",42.3154,43.3569,"recovered",253
"190",2020-10-09,"","Georgia",42.3154,43.3569,"confirmed",527
"191",2020-10-09,"","Georgia",42.3154,43.3569,"death",6
"192",2020-10-09,"","Georgia",42.3154,43.3569,"recovered",313
"193",2020-10-08,"","Georgia",42.3154,43.3569,"confirmed",472
"194",2020-10-08,"","Georgia",42.3154,43.3569,"death",3
"195",2020-10-08,"","Georgia",42.3154,43.3569,"recovered",318
"196",2020-10-07,"","Georgia",42.3154,43.3569,"confirmed",508
"197",2020-10-07,"","Georgia",42.3154,43.3569,"death",5
"198",2020-10-07,"","Georgia",42.3154,43.3569,"recovered",348
"199",2020-10-06,"","Georgia",42.3154,43.3569,"confirmed",549
"200",2020-10-06,"","Georgia",42.3154,43.3569,"death",4
"201",2020-10-06,"","Georgia",42.3154,43.3569,"recovered",268
"202",2020-10-05,"","Georgia",42.3154,43.3569,"confirmed",578
"203",2020-10-05,"","Georgia",42.3154,43.3569,"death",4
"204",2020-10-05,"","Georgia",42.3154,43.3569,"recovered",375
"205",2020-10-04,"","Georgia",42.3154,43.3569,"confirmed",554
"206",2020-10-04,"","Georgia",42.3154,43.3569,"death",2
"207",2020-10-04,"","Georgia",42.3154,43.3569,"recovered",252
"208",2020-10-03,"","Georgia",42.3154,43.3569,"confirmed",471
"209",2020-10-03,"","Georgia",42.3154,43.3569,"death",2
"210",2020-10-03,"","Georgia",42.3154,43.3569,"recovered",278
"211",2020-10-02,"","Georgia",42.3154,43.3569,"confirmed",453
"212",2020-10-02,"","Georgia",42.3154,43.3569,"death",5
"213",2020-10-02,"","Georgia",42.3154,43.3569,"recovered",295
"214",2020-10-01,"","Georgia",42.3154,43.3569,"confirmed",448
"215",2020-10-01,"","Georgia",42.3154,43.3569,"death",2
"216",2020-10-01,"","Georgia",42.3154,43.3569,"recovered",299
"217",2020-09-30,"","Georgia",42.3154,43.3569,"confirmed",326
"218",2020-09-30,"","Georgia",42.3154,43.3569,"death",3
"219",2020-09-30,"","Georgia",42.3154,43.3569,"recovered",796
"220",2020-09-29,"","Georgia",42.3154,43.3569,"confirmed",314
"221",2020-09-29,"","Georgia",42.3154,43.3569,"death",4
"222",2020-09-29,"","Georgia",42.3154,43.3569,"recovered",270
"223",2020-09-28,"","Georgia",42.3154,43.3569,"confirmed",298
"224",2020-09-28,"","Georgia",42.3154,43.3569,"death",4
"225",2020-09-28,"","Georgia",42.3154,43.3569,"recovered",148
"226",2020-09-27,"","Georgia",42.3154,43.3569,"confirmed",294
"227",2020-09-27,"","Georgia",42.3154,43.3569,"death",0
"228",2020-09-27,"","Georgia",42.3154,43.3569,"recovered",87
"229",2020-09-26,"","Georgia",42.3154,43.3569,"confirmed",296
"230",2020-09-26,"","Georgia",42.3154,43.3569,"death",1
"231",2020-09-26,"","Georgia",42.3154,43.3569,"recovered",60
"232",2020-09-25,"","Georgia",42.3154,43.3569,"confirmed",265
"233",2020-09-25,"","Georgia",42.3154,43.3569,"death",1
"234",2020-09-25,"","Georgia",42.3154,43.3569,"recovered",54
"235",2020-09-24,"","Georgia",42.3154,43.3569,"confirmed",259
"236",2020-09-24,"","Georgia",42.3154,43.3569,"death",1
"237",2020-09-24,"","Georgia",42.3154,43.3569,"recovered",62
"238",2020-09-23,"","Georgia",42.3154,43.3569,"confirmed",227
"239",2020-09-23,"","Georgia",42.3154,43.3569,"death",2
"240",2020-09-23,"","Georgia",42.3154,43.3569,"recovered",69
"241",2020-09-22,"","Georgia",42.3154,43.3569,"confirmed",218
"242",2020-09-22,"","Georgia",42.3154,43.3569,"death",3
"243",2020-09-22,"","Georgia",42.3154,43.3569,"recovered",40
"244",2020-09-21,"","Georgia",42.3154,43.3569,"confirmed",193
"245",2020-09-21,"","Georgia",42.3154,43.3569,"death",1
"246",2020-09-21,"","Georgia",42.3154,43.3569,"recovered",40
"247",2020-09-20,"","Georgia",42.3154,43.3569,"confirmed",196
"248",2020-09-20,"","Georgia",42.3154,43.3569,"death",0
"249",2020-09-20,"","Georgia",42.3154,43.3569,"recovered",13
"250",2020-09-19,"","Georgia",42.3154,43.3569,"confirmed",187
"251",2020-09-19,"","Georgia",42.3154,43.3569,"death",0
"252",2020-09-19,"","Georgia",42.3154,43.3569,"recovered",46
"253",2020-09-18,"","Georgia",42.3154,43.3569,"confirmed",182
"254",2020-09-18,"","Georgia",42.3154,43.3569,"death",0
"255",2020-09-18,"","Georgia",42.3154,43.3569,"recovered",13
"256",2020-09-17,"","Georgia",42.3154,43.3569,"confirmed",179
"257",2020-09-17,"","Georgia",42.3154,43.3569,"death",0
"258",2020-09-17,"","Georgia",42.3154,43.3569,"recovered",10
"259",2020-09-16,"","Georgia",42.3154,43.3569,"confirmed",196
"260",2020-09-16,"","Georgia",42.3154,43.3569,"death",0
"261",2020-09-16,"","Georgia",42.3154,43.3569,"recovered",43
"262",2020-09-15,"","Georgia",42.3154,43.3569,"confirmed",170
"263",2020-09-15,"","Georgia",42.3154,43.3569,"death",0
"264",2020-09-15,"","Georgia",42.3154,43.3569,"recovered",0
"265",2020-09-14,"","Georgia",42.3154,43.3569,"confirmed",165
"266",2020-09-14,"","Georgia",42.3154,43.3569,"death",0
"267",2020-09-14,"","Georgia",42.3154,43.3569,"recovered",0
"268",2020-09-13,"","Georgia",42.3154,43.3569,"confirmed",152
"269",2020-09-13,"","Georgia",42.3154,43.3569,"death",0
"270",2020-09-13,"","Georgia",42.3154,43.3569,"recovered",6
"271",2020-09-12,"","Georgia",42.3154,43.3569,"confirmed",158
"272",2020-09-12,"","Georgia",42.3154,43.3569,"death",0
"273",2020-09-12,"","Georgia",42.3154,43.3569,"recovered",9
"274",2020-09-11,"","Georgia",42.3154,43.3569,"confirmed",87
"275",2020-09-11,"","Georgia",42.3154,43.3569,"death",0
"276",2020-09-11,"","Georgia",42.3154,43.3569,"recovered",20
"277",2020-09-10,"","Georgia",42.3154,43.3569,"confirmed",57
"278",2020-09-10,"","Georgia",42.3154,43.3569,"death",0
"279",2020-09-10,"","Georgia",42.3154,43.3569,"recovered",9
"280",2020-09-09,"","Georgia",42.3154,43.3569,"confirmed",44
"281",2020-09-09,"","Georgia",42.3154,43.3569,"death",0
"282",2020-09-09,"","Georgia",42.3154,43.3569,"recovered",4
"283",2020-09-08,"","Georgia",42.3154,43.3569,"confirmed",45
"284",2020-09-08,"","Georgia",42.3154,43.3569,"death",0
"285",2020-09-08,"","Georgia",42.3154,43.3569,"recovered",6
"286",2020-09-07,"","Georgia",42.3154,43.3569,"confirmed",34
"287",2020-09-07,"","Georgia",42.3154,43.3569,"death",0
"288",2020-09-07,"","Georgia",42.3154,43.3569,"recovered",5
"289",2020-09-06,"","Georgia",42.3154,43.3569,"confirmed",29
"290",2020-09-06,"","Georgia",42.3154,43.3569,"death",0
"291",2020-09-06,"","Georgia",42.3154,43.3569,"recovered",8
"292",2020-09-05,"","Georgia",42.3154,43.3569,"confirmed",25
"293",2020-09-05,"","Georgia",42.3154,43.3569,"death",0
"294",2020-09-05,"","Georgia",42.3154,43.3569,"recovered",8
"295",2020-09-04,"","Georgia",42.3154,43.3569,"confirmed",28
"296",2020-09-04,"","Georgia",42.3154,43.3569,"death",0
"297",2020-09-04,"","Georgia",42.3154,43.3569,"recovered",15
"298",2020-09-03,"","Georgia",42.3154,43.3569,"confirmed",20
"299",2020-09-03,"","Georgia",42.3154,43.3569,"death",0
"300",2020-09-03,"","Georgia",42.3154,43.3569,"recovered",9
"301",2020-09-02,"","Georgia",42.3154,43.3569,"confirmed",38
"302",2020-09-02,"","Georgia",42.3154,43.3569,"death",0
"303",2020-09-02,"","Georgia",42.3154,43.3569,"recovered",17
"304",2020-09-01,"","Georgia",42.3154,43.3569,"confirmed",23
"305",2020-09-01,"","Georgia",42.3154,43.3569,"death",0
"306",2020-09-01,"","Georgia",42.3154,43.3569,"recovered",13
"307",2020-08-31,"","Georgia",42.3154,43.3569,"confirmed",18
"308",2020-08-31,"","Georgia",42.3154,43.3569,"death",0
"309",2020-08-31,"","Georgia",42.3154,43.3569,"recovered",19
"310",2020-08-30,"","Georgia",42.3154,43.3569,"confirmed",7
"311",2020-08-30,"","Georgia",42.3154,43.3569,"death",0
"312",2020-08-30,"","Georgia",42.3154,43.3569,"recovered",25
"313",2020-08-29,"","Georgia",42.3154,43.3569,"confirmed",7
"314",2020-08-29,"","Georgia",42.3154,43.3569,"death",0
"315",2020-08-29,"","Georgia",42.3154,43.3569,"recovered",0
"316",2020-08-28,"","Georgia",42.3154,43.3569,"confirmed",8
"317",2020-08-28,"","Georgia",42.3154,43.3569,"death",0
"318",2020-08-28,"","Georgia",42.3154,43.3569,"recovered",6
"319",2020-08-27,"","Georgia",42.3154,43.3569,"confirmed",11
"320",2020-08-27,"","Georgia",42.3154,43.3569,"death",0
"321",2020-08-27,"","Georgia",42.3154,43.3569,"recovered",40
"322",2020-08-26,"","Georgia",42.3154,43.3569,"confirmed",7
"323",2020-08-26,"","Georgia",42.3154,43.3569,"death",0
"324",2020-08-26,"","Georgia",42.3154,43.3569,"recovered",0
"325",2020-08-25,"","Georgia",42.3154,43.3569,"confirmed",8
"326",2020-08-25,"","Georgia",42.3154,43.3569,"death",1
"327",2020-08-25,"","Georgia",42.3154,43.3569,"recovered",13
"328",2020-08-24,"","Georgia",42.3154,43.3569,"confirmed",10
"329",2020-08-24,"","Georgia",42.3154,43.3569,"death",1
"330",2020-08-24,"","Georgia",42.3154,43.3569,"recovered",5
"331",2020-08-23,"","Georgia",42.3154,43.3569,"confirmed",17
"332",2020-08-23,"","Georgia",42.3154,43.3569,"death",0
"333",2020-08-23,"","Georgia",42.3154,43.3569,"recovered",0
"334",2020-08-22,"","Georgia",42.3154,43.3569,"confirmed",9
"335",2020-08-22,"","Georgia",42.3154,43.3569,"death",0
"336",2020-08-22,"","Georgia",42.3154,43.3569,"recovered",4
"337",2020-08-21,"","Georgia",42.3154,43.3569,"confirmed",15
"338",2020-08-21,"","Georgia",42.3154,43.3569,"death",0
"339",2020-08-21,"","Georgia",42.3154,43.3569,"recovered",20
"340",2020-08-20,"","Georgia",42.3154,43.3569,"confirmed",9
"341",2020-08-20,"","Georgia",42.3154,43.3569,"death",0
"342",2020-08-20,"","Georgia",42.3154,43.3569,"recovered",10
"343",2020-08-19,"","Georgia",42.3154,43.3569,"confirmed",10
"344",2020-08-19,"","Georgia",42.3154,43.3569,"death",0
"345",2020-08-19,"","Georgia",42.3154,43.3569,"recovered",6
"346",2020-08-18,"","Georgia",42.3154,43.3569,"confirmed",10
"347",2020-08-18,"","Georgia",42.3154,43.3569,"death",0
"348",2020-08-18,"","Georgia",42.3154,43.3569,"recovered",0
"349",2020-08-17,"","Georgia",42.3154,43.3569,"confirmed",5
"350",2020-08-17,"","Georgia",42.3154,43.3569,"death",0
"351",2020-08-17,"","Georgia",42.3154,43.3569,"recovered",4
"352",2020-08-16,"","Georgia",42.3154,43.3569,"confirmed",15
"353",2020-08-16,"","Georgia",42.3154,43.3569,"death",0
"354",2020-08-16,"","Georgia",42.3154,43.3569,"recovered",0
"355",2020-08-15,"","Georgia",42.3154,43.3569,"confirmed",15
"356",2020-08-15,"","Georgia",42.3154,43.3569,"death",0
"357",2020-08-15,"","Georgia",42.3154,43.3569,"recovered",3
"358",2020-08-14,"","Georgia",42.3154,43.3569,"confirmed",23
"359",2020-08-14,"","Georgia",42.3154,43.3569,"death",0
"360",2020-08-14,"","Georgia",42.3154,43.3569,"recovered",17
"361",2020-08-13,"","Georgia",42.3154,43.3569,"confirmed",5
"362",2020-08-13,"","Georgia",42.3154,43.3569,"death",0
"363",2020-08-13,"","Georgia",42.3154,43.3569,"recovered",10
"364",2020-08-12,"","Georgia",42.3154,43.3569,"confirmed",14
"365",2020-08-12,"","Georgia",42.3154,43.3569,"death",0
"366",2020-08-12,"","Georgia",42.3154,43.3569,"recovered",4
"367",2020-08-11,"","Georgia",42.3154,43.3569,"confirmed",14
"368",2020-08-11,"","Georgia",42.3154,43.3569,"death",0
"369",2020-08-11,"","Georgia",42.3154,43.3569,"recovered",44
"370",2020-08-10,"","Georgia",42.3154,43.3569,"confirmed",25
"371",2020-08-10,"","Georgia",42.3154,43.3569,"death",0
"372",2020-08-10,"","Georgia",42.3154,43.3569,"recovered",10
"373",2020-08-09,"","Georgia",42.3154,43.3569,"confirmed",9
"374",2020-08-09,"","Georgia",42.3154,43.3569,"death",0
"375",2020-08-09,"","Georgia",42.3154,43.3569,"recovered",4
"376",2020-08-08,"","Georgia",42.3154,43.3569,"confirmed",3
"377",2020-08-08,"","Georgia",42.3154,43.3569,"death",0
"378",2020-08-08,"","Georgia",42.3154,43.3569,"recovered",2
"379",2020-08-07,"","Georgia",42.3154,43.3569,"confirmed",7
"380",2020-08-07,"","Georgia",42.3154,43.3569,"death",0
"381",2020-08-07,"","Georgia",42.3154,43.3569,"recovered",7
"382",2020-08-06,"","Georgia",42.3154,43.3569,"confirmed",9
"383",2020-08-06,"","Georgia",42.3154,43.3569,"death",0
"384",2020-08-06,"","Georgia",42.3154,43.3569,"recovered",13
"385",2020-08-05,"","Georgia",42.3154,43.3569,"confirmed",15
"386",2020-08-05,"","Georgia",42.3154,43.3569,"death",0
"387",2020-08-05,"","Georgia",42.3154,43.3569,"recovered",12
"388",2020-08-04,"","Georgia",42.3154,43.3569,"confirmed",3
"389",2020-08-04,"","Georgia",42.3154,43.3569,"death",0
"390",2020-08-04,"","Georgia",42.3154,43.3569,"recovered",3
"391",2020-08-03,"","Georgia",42.3154,43.3569,"confirmed",2
"392",2020-08-03,"","Georgia",42.3154,43.3569,"death",0
"393",2020-08-03,"","Georgia",42.3154,43.3569,"recovered",4
"394",2020-08-02,"","Georgia",42.3154,43.3569,"confirmed",6
"395",2020-08-02,"","Georgia",42.3154,43.3569,"death",0
"396",2020-08-02,"","Georgia",42.3154,43.3569,"recovered",8
"397",2020-08-01,"","Georgia",42.3154,43.3569,"confirmed",3
"398",2020-08-01,"","Georgia",42.3154,43.3569,"death",0
"399",2020-08-01,"","Georgia",42.3154,43.3569,"recovered",7
"400",2020-07-31,"","Georgia",42.3154,43.3569,"confirmed",8
"401",2020-07-31,"","Georgia",42.3154,43.3569,"death",0
"402",2020-07-31,"","Georgia",42.3154,43.3569,"recovered",5
"403",2020-07-30,"","Georgia",42.3154,43.3569,"confirmed",5
"404",2020-07-30,"","Georgia",42.3154,43.3569,"death",0
"405",2020-07-30,"","Georgia",42.3154,43.3569,"recovered",6
"406",2020-07-29,"","Georgia",42.3154,43.3569,"confirmed",10
"407",2020-07-29,"","Georgia",42.3154,43.3569,"death",1
"408",2020-07-29,"","Georgia",42.3154,43.3569,"recovered",2
"409",2020-07-28,"","Georgia",42.3154,43.3569,"confirmed",8
"410",2020-07-28,"","Georgia",42.3154,43.3569,"death",0
"411",2020-07-28,"","Georgia",42.3154,43.3569,"recovered",5
"412",2020-07-27,"","Georgia",42.3154,43.3569,"confirmed",6
"413",2020-07-27,"","Georgia",42.3154,43.3569,"death",0
"414",2020-07-27,"","Georgia",42.3154,43.3569,"recovered",2
"415",2020-07-26,"","Georgia",42.3154,43.3569,"confirmed",14
"416",2020-07-26,"","Georgia",42.3154,43.3569,"death",0
"417",2020-07-26,"","Georgia",42.3154,43.3569,"recovered",3
"418",2020-07-25,"","Georgia",42.3154,43.3569,"confirmed",13
"419",2020-07-25,"","Georgia",42.3154,43.3569,"death",0
"420",2020-07-25,"","Georgia",42.3154,43.3569,"recovered",5
"421",2020-07-24,"","Georgia",42.3154,43.3569,"confirmed",19
"422",2020-07-24,"","Georgia",42.3154,43.3569,"death",0
"423",2020-07-24,"","Georgia",42.3154,43.3569,"recovered",1
"424",2020-07-23,"","Georgia",42.3154,43.3569,"confirmed",12
"425",2020-07-23,"","Georgia",42.3154,43.3569,"death",0
"426",2020-07-23,"","Georgia",42.3154,43.3569,"recovered",4
"427",2020-07-22,"","Georgia",42.3154,43.3569,"confirmed",24
"428",2020-07-22,"","Georgia",42.3154,43.3569,"death",0
"429",2020-07-22,"","Georgia",42.3154,43.3569,"recovered",4
"430",2020-07-21,"","Georgia",42.3154,43.3569,"confirmed",10
"431",2020-07-21,"","Georgia",42.3154,43.3569,"death",0
"432",2020-07-21,"","Georgia",42.3154,43.3569,"recovered",3
"433",2020-07-20,"","Georgia",42.3154,43.3569,"confirmed",11
"434",2020-07-20,"","Georgia",42.3154,43.3569,"death",1
"435",2020-07-20,"","Georgia",42.3154,43.3569,"recovered",1
"436",2020-07-19,"","Georgia",42.3154,43.3569,"confirmed",10
"437",2020-07-19,"","Georgia",42.3154,43.3569,"death",0
"438",2020-07-19,"","Georgia",42.3154,43.3569,"recovered",4
"439",2020-07-18,"","Georgia",42.3154,43.3569,"confirmed",8
"440",2020-07-18,"","Georgia",42.3154,43.3569,"death",0
"441",2020-07-18,"","Georgia",42.3154,43.3569,"recovered",10
"442",2020-07-17,"","Georgia",42.3154,43.3569,"confirmed",4
"443",2020-07-17,"","Georgia",42.3154,43.3569,"death",0
"444",2020-07-17,"","Georgia",42.3154,43.3569,"recovered",2
"445",2020-07-16,"","Georgia",42.3154,43.3569,"confirmed",2
"446",2020-07-16,"","Georgia",42.3154,43.3569,"death",0
"447",2020-07-16,"","Georgia",42.3154,43.3569,"recovered",10
"448",2020-07-15,"","Georgia",42.3154,43.3569,"confirmed",5
"449",2020-07-15,"","Georgia",42.3154,43.3569,"death",0
"450",2020-07-15,"","Georgia",42.3154,43.3569,"recovered",3
"451",2020-07-14,"","Georgia",42.3154,43.3569,"confirmed",4
"452",2020-07-14,"","Georgia",42.3154,43.3569,"death",0
"453",2020-07-14,"","Georgia",42.3154,43.3569,"recovered",13
"454",2020-07-13,"","Georgia",42.3154,43.3569,"confirmed",9
"455",2020-07-13,"","Georgia",42.3154,43.3569,"death",0
"456",2020-07-13,"","Georgia",42.3154,43.3569,"recovered",0
"457",2020-07-12,"","Georgia",42.3154,43.3569,"confirmed",5
"458",2020-07-12,"","Georgia",42.3154,43.3569,"death",0
"459",2020-07-12,"","Georgia",42.3154,43.3569,"recovered",6
"460",2020-07-11,"","Georgia",42.3154,43.3569,"confirmed",8
"461",2020-07-11,"","Georgia",42.3154,43.3569,"death",0
"462",2020-07-11,"","Georgia",42.3154,43.3569,"recovered",5
"463",2020-07-10,"","Georgia",42.3154,43.3569,"confirmed",5
"464",2020-07-10,"","Georgia",42.3154,43.3569,"death",0
"465",2020-07-10,"","Georgia",42.3154,43.3569,"recovered",2
"466",2020-07-09,"","Georgia",42.3154,43.3569,"confirmed",5
"467",2020-07-09,"","Georgia",42.3154,43.3569,"death",0
"468",2020-07-09,"","Georgia",42.3154,43.3569,"recovered",3
"469",2020-07-08,"","Georgia",42.3154,43.3569,"confirmed",5
"470",2020-07-08,"","Georgia",42.3154,43.3569,"death",0
"471",2020-07-08,"","Georgia",42.3154,43.3569,"recovered",3
"472",2020-07-07,"","Georgia",42.3154,43.3569,"confirmed",5
"473",2020-07-07,"","Georgia",42.3154,43.3569,"death",0
"474",2020-07-07,"","Georgia",42.3154,43.3569,"recovered",8
"475",2020-07-06,"","Georgia",42.3154,43.3569,"confirmed",2
"476",2020-07-06,"","Georgia",42.3154,43.3569,"death",0
"477",2020-07-06,"","Georgia",42.3154,43.3569,"recovered",2
"478",2020-07-05,"","Georgia",42.3154,43.3569,"confirmed",3
"479",2020-07-05,"","Georgia",42.3154,43.3569,"death",0
"480",2020-07-05,"","Georgia",42.3154,43.3569,"recovered",3
"481",2020-07-04,"","Georgia",42.3154,43.3569,"confirmed",5
"482",2020-07-04,"","Georgia",42.3154,43.3569,"death",0
"483",2020-07-04,"","Georgia",42.3154,43.3569,"recovered",4
"484",2020-07-03,"","Georgia",42.3154,43.3569,"confirmed",4
"485",2020-07-03,"","Georgia",42.3154,43.3569,"death",0
"486",2020-07-03,"","Georgia",42.3154,43.3569,"recovered",4
"487",2020-07-02,"","Georgia",42.3154,43.3569,"confirmed",8
"488",2020-07-02,"","Georgia",42.3154,43.3569,"death",0
"489",2020-07-02,"","Georgia",42.3154,43.3569,"recovered",23
"490",2020-07-01,"","Georgia",42.3154,43.3569,"confirmed",3
"491",2020-07-01,"","Georgia",42.3154,43.3569,"death",0
"492",2020-07-01,"","Georgia",42.3154,43.3569,"recovered",0
"493",2020-06-30,"","Georgia",42.3154,43.3569,"confirmed",2
"494",2020-06-30,"","Georgia",42.3154,43.3569,"death",0
"495",2020-06-30,"","Georgia",42.3154,43.3569,"recovered",3
"496",2020-06-29,"","Georgia",42.3154,43.3569,"confirmed",2
"497",2020-06-29,"","Georgia",42.3154,43.3569,"death",0
"498",2020-06-29,"","Georgia",42.3154,43.3569,"recovered",6
"499",2020-06-28,"","Georgia",42.3154,43.3569,"confirmed",3
"500",2020-06-28,"","Georgia",42.3154,43.3569,"death",1
"501",2020-06-28,"","Georgia",42.3154,43.3569,"recovered",4
"502",2020-06-27,"","Georgia",42.3154,43.3569,"confirmed",2
"503",2020-06-27,"","Georgia",42.3154,43.3569,"death",0
"504",2020-06-27,"","Georgia",42.3154,43.3569,"recovered",1
"505",2020-06-26,"","Georgia",42.3154,43.3569,"confirmed",2
"506",2020-06-26,"","Georgia",42.3154,43.3569,"death",0
"507",2020-06-26,"","Georgia",42.3154,43.3569,"recovered",4
"508",2020-06-25,"","Georgia",42.3154,43.3569,"confirmed",3
"509",2020-06-25,"","Georgia",42.3154,43.3569,"death",0
"510",2020-06-25,"","Georgia",42.3154,43.3569,"recovered",5
"511",2020-06-24,"","Georgia",42.3154,43.3569,"confirmed",3
"512",2020-06-24,"","Georgia",42.3154,43.3569,"death",0
"513",2020-06-24,"","Georgia",42.3154,43.3569,"recovered",3
"514",2020-06-23,"","Georgia",42.3154,43.3569,"confirmed",3
"515",2020-06-23,"","Georgia",42.3154,43.3569,"death",0
"516",2020-06-23,"","Georgia",42.3154,43.3569,"recovered",7
"517",2020-06-22,"","Georgia",42.3154,43.3569,"confirmed",2
"518",2020-06-22,"","Georgia",42.3154,43.3569,"death",0
"519",2020-06-22,"","Georgia",42.3154,43.3569,"recovered",6
"520",2020-06-21,"","Georgia",42.3154,43.3569,"confirmed",8
"521",2020-06-21,"","Georgia",42.3154,43.3569,"death",0
"522",2020-06-21,"","Georgia",42.3154,43.3569,"recovered",3
"523",2020-06-20,"","Georgia",42.3154,43.3569,"confirmed",2
"524",2020-06-20,"","Georgia",42.3154,43.3569,"death",0
"525",2020-06-20,"","Georgia",42.3154,43.3569,"recovered",11
"526",2020-06-19,"","Georgia",42.3154,43.3569,"confirmed",3
"527",2020-06-19,"","Georgia",42.3154,43.3569,"death",0
"528",2020-06-19,"","Georgia",42.3154,43.3569,"recovered",2
"529",2020-06-18,"","Georgia",42.3154,43.3569,"confirmed",5
"530",2020-06-18,"","Georgia",42.3154,43.3569,"death",0
"531",2020-06-18,"","Georgia",42.3154,43.3569,"recovered",8
"532",2020-06-17,"","Georgia",42.3154,43.3569,"confirmed",9
"533",2020-06-17,"","Georgia",42.3154,43.3569,"death",0
"534",2020-06-17,"","Georgia",42.3154,43.3569,"recovered",7
"535",2020-06-16,"","Georgia",42.3154,43.3569,"confirmed",0
"536",2020-06-16,"","Georgia",42.3154,43.3569,"death",0
"537",2020-06-16,"","Georgia",42.3154,43.3569,"recovered",20
"538",2020-06-15,"","Georgia",42.3154,43.3569,"confirmed",15
"539",2020-06-15,"","Georgia",42.3154,43.3569,"death",0
"540",2020-06-15,"","Georgia",42.3154,43.3569,"recovered",1
"541",2020-06-14,"","Georgia",42.3154,43.3569,"confirmed",13
"542",2020-06-14,"","Georgia",42.3154,43.3569,"death",0
"543",2020-06-14,"","Georgia",42.3154,43.3569,"recovered",1
"544",2020-06-13,"","Georgia",42.3154,43.3569,"confirmed",8
"545",2020-06-13,"","Georgia",42.3154,43.3569,"death",1
"546",2020-06-13,"","Georgia",42.3154,43.3569,"recovered",5
"547",2020-06-12,"","Georgia",42.3154,43.3569,"confirmed",12
"548",2020-06-12,"","Georgia",42.3154,43.3569,"death",0
"549",2020-06-12,"","Georgia",42.3154,43.3569,"recovered",3
"550",2020-06-11,"","Georgia",42.3154,43.3569,"confirmed",4
"551",2020-06-11,"","Georgia",42.3154,43.3569,"death",0
"552",2020-06-11,"","Georgia",42.3154,43.3569,"recovered",4
"553",2020-06-10,"","Georgia",42.3154,43.3569,"confirmed",9
"554",2020-06-10,"","Georgia",42.3154,43.3569,"death",0
"555",2020-06-10,"","Georgia",42.3154,43.3569,"recovered",4
"556",2020-06-09,"","Georgia",42.3154,43.3569,"confirmed",6
"557",2020-06-09,"","Georgia",42.3154,43.3569,"death",0
"558",2020-06-09,"","Georgia",42.3154,43.3569,"recovered",3
"559",2020-06-08,"","Georgia",42.3154,43.3569,"confirmed",3
"560",2020-06-08,"","Georgia",42.3154,43.3569,"death",0
"561",2020-06-08,"","Georgia",42.3154,43.3569,"recovered",9
"562",2020-06-07,"","Georgia",42.3154,43.3569,"confirmed",1
"563",2020-06-07,"","Georgia",42.3154,43.3569,"death",0
"564",2020-06-07,"","Georgia",42.3154,43.3569,"recovered",11
"565",2020-06-06,"","Georgia",42.3154,43.3569,"confirmed",3
"566",2020-06-06,"","Georgia",42.3154,43.3569,"death",0
"567",2020-06-06,"","Georgia",42.3154,43.3569,"recovered",13
"568",2020-06-05,"","Georgia",42.3154,43.3569,"confirmed",4
"569",2020-06-05,"","Georgia",42.3154,43.3569,"death",0
"570",2020-06-05,"","Georgia",42.3154,43.3569,"recovered",6
"571",2020-06-04,"","Georgia",42.3154,43.3569,"confirmed",1
"572",2020-06-04,"","Georgia",42.3154,43.3569,"death",0
"573",2020-06-04,"","Georgia",42.3154,43.3569,"recovered",4
"574",2020-06-03,"","Georgia",42.3154,43.3569,"confirmed",4
"575",2020-06-03,"","Georgia",42.3154,43.3569,"death",0
"576",2020-06-03,"","Georgia",42.3154,43.3569,"recovered",6
"577",2020-06-02,"","Georgia",42.3154,43.3569,"confirmed",2
"578",2020-06-02,"","Georgia",42.3154,43.3569,"death",1
"579",2020-06-02,"","Georgia",42.3154,43.3569,"recovered",10
"580",2020-06-01,"","Georgia",42.3154,43.3569,"confirmed",11
"581",2020-06-01,"","Georgia",42.3154,43.3569,"death",0
"582",2020-06-01,"","Georgia",42.3154,43.3569,"recovered",19
"583",2020-05-31,"","Georgia",42.3154,43.3569,"confirmed",26
"584",2020-05-31,"","Georgia",42.3154,43.3569,"death",0
"585",2020-05-31,"","Georgia",42.3154,43.3569,"recovered",5
"586",2020-05-30,"","Georgia",42.3154,43.3569,"confirmed",11
"587",2020-05-30,"","Georgia",42.3154,43.3569,"death",0
"588",2020-05-30,"","Georgia",42.3154,43.3569,"recovered",24
"589",2020-05-29,"","Georgia",42.3154,43.3569,"confirmed",8
"590",2020-05-29,"","Georgia",42.3154,43.3569,"death",0
"591",2020-05-29,"","Georgia",42.3154,43.3569,"recovered",3
"592",2020-05-28,"","Georgia",42.3154,43.3569,"confirmed",3
"593",2020-05-28,"","Georgia",42.3154,43.3569,"death",0
"594",2020-05-28,"","Georgia",42.3154,43.3569,"recovered",16
"595",2020-05-27,"","Georgia",42.3154,43.3569,"confirmed",3
"596",2020-05-27,"","Georgia",42.3154,43.3569,"death",0
"597",2020-05-27,"","Georgia",42.3154,43.3569,"recovered",20
"598",2020-05-26,"","Georgia",42.3154,43.3569,"confirmed",1
"599",2020-05-26,"","Georgia",42.3154,43.3569,"death",0
"600",2020-05-26,"","Georgia",42.3154,43.3569,"recovered",11
"601",2020-05-25,"","Georgia",42.3154,43.3569,"confirmed",1
"602",2020-05-25,"","Georgia",42.3154,43.3569,"death",0
"603",2020-05-25,"","Georgia",42.3154,43.3569,"recovered",4
"604",2020-05-24,"","Georgia",42.3154,43.3569,"confirmed",2
"605",2020-05-24,"","Georgia",42.3154,43.3569,"death",0
"606",2020-05-24,"","Georgia",42.3154,43.3569,"recovered",13
"607",2020-05-23,"","Georgia",42.3154,43.3569,"confirmed",5
"608",2020-05-23,"","Georgia",42.3154,43.3569,"death",0
"609",2020-05-23,"","Georgia",42.3154,43.3569,"recovered",14
"610",2020-05-22,"","Georgia",42.3154,43.3569,"confirmed",2
"611",2020-05-22,"","Georgia",42.3154,43.3569,"death",0
"612",2020-05-22,"","Georgia",42.3154,43.3569,"recovered",10
"613",2020-05-21,"","Georgia",42.3154,43.3569,"confirmed",8
"614",2020-05-21,"","Georgia",42.3154,43.3569,"death",0
"615",2020-05-21,"","Georgia",42.3154,43.3569,"recovered",10
"616",2020-05-20,"","Georgia",42.3154,43.3569,"confirmed",6
"617",2020-05-20,"","Georgia",42.3154,43.3569,"death",0
"618",2020-05-20,"","Georgia",42.3154,43.3569,"recovered",19
"619",2020-05-19,"","Georgia",42.3154,43.3569,"confirmed",6
"620",2020-05-19,"","Georgia",42.3154,43.3569,"death",0
"621",2020-05-19,"","Georgia",42.3154,43.3569,"recovered",24
"622",2020-05-18,"","Georgia",42.3154,43.3569,"confirmed",6
"623",2020-05-18,"","Georgia",42.3154,43.3569,"death",0
"624",2020-05-18,"","Georgia",42.3154,43.3569,"recovered",7
"625",2020-05-17,"","Georgia",42.3154,43.3569,"confirmed",12
"626",2020-05-17,"","Georgia",42.3154,43.3569,"death",0
"627",2020-05-17,"","Georgia",42.3154,43.3569,"recovered",6
"628",2020-05-16,"","Georgia",42.3154,43.3569,"confirmed",12
"629",2020-05-16,"","Georgia",42.3154,43.3569,"death",0
"630",2020-05-16,"","Georgia",42.3154,43.3569,"recovered",26
"631",2020-05-15,"","Georgia",42.3154,43.3569,"confirmed",4
"632",2020-05-15,"","Georgia",42.3154,43.3569,"death",0
"633",2020-05-15,"","Georgia",42.3154,43.3569,"recovered",10
"634",2020-05-14,"","Georgia",42.3154,43.3569,"confirmed",20
"635",2020-05-14,"","Georgia",42.3154,43.3569,"death",1
"636",2020-05-14,"","Georgia",42.3154,43.3569,"recovered",11
"637",2020-05-13,"","Georgia",42.3154,43.3569,"confirmed",5
"638",2020-05-13,"","Georgia",42.3154,43.3569,"death",0
"639",2020-05-13,"","Georgia",42.3154,43.3569,"recovered",23
"640",2020-05-12,"","Georgia",42.3154,43.3569,"confirmed",4
"641",2020-05-12,"","Georgia",42.3154,43.3569,"death",0
"642",2020-05-12,"","Georgia",42.3154,43.3569,"recovered",32
"643",2020-05-11,"","Georgia",42.3154,43.3569,"confirmed",3
"644",2020-05-11,"","Georgia",42.3154,43.3569,"death",1
"645",2020-05-11,"","Georgia",42.3154,43.3569,"recovered",8
"646",2020-05-10,"","Georgia",42.3154,43.3569,"confirmed",9
"647",2020-05-10,"","Georgia",42.3154,43.3569,"death",0
"648",2020-05-10,"","Georgia",42.3154,43.3569,"recovered",12
"649",2020-05-09,"","Georgia",42.3154,43.3569,"confirmed",3
"650",2020-05-09,"","Georgia",42.3154,43.3569,"death",0
"651",2020-05-09,"","Georgia",42.3154,43.3569,"recovered",9
"652",2020-05-08,"","Georgia",42.3154,43.3569,"confirmed",8
"653",2020-05-08,"","Georgia",42.3154,43.3569,"death",1
"654",2020-05-08,"","Georgia",42.3154,43.3569,"recovered",13
"655",2020-05-07,"","Georgia",42.3154,43.3569,"confirmed",5
"656",2020-05-07,"","Georgia",42.3154,43.3569,"death",0
"657",2020-05-07,"","Georgia",42.3154,43.3569,"recovered",6
"658",2020-05-06,"","Georgia",42.3154,43.3569,"confirmed",6
"659",2020-05-06,"","Georgia",42.3154,43.3569,"death",0
"660",2020-05-06,"","Georgia",42.3154,43.3569,"recovered",29
"661",2020-05-05,"","Georgia",42.3154,43.3569,"confirmed",11
"662",2020-05-05,"","Georgia",42.3154,43.3569,"death",0
"663",2020-05-05,"","Georgia",42.3154,43.3569,"recovered",17
"664",2020-05-04,"","Georgia",42.3154,43.3569,"confirmed",4
"665",2020-05-04,"","Georgia",42.3154,43.3569,"death",0
"666",2020-05-04,"","Georgia",42.3154,43.3569,"recovered",0
"667",2020-05-03,"","Georgia",42.3154,43.3569,"confirmed",7
"668",2020-05-03,"","Georgia",42.3154,43.3569,"death",1
"669",2020-05-03,"","Georgia",42.3154,43.3569,"recovered",16
"670",2020-05-02,"","Georgia",42.3154,43.3569,"confirmed",16
"671",2020-05-02,"","Georgia",42.3154,43.3569,"death",1
"672",2020-05-02,"","Georgia",42.3154,43.3569,"recovered",0
"673",2020-05-01,"","Georgia",42.3154,43.3569,"confirmed",27
"674",2020-05-01,"","Georgia",42.3154,43.3569,"death",1
"675",2020-05-01,"","Georgia",42.3154,43.3569,"recovered",23
"676",2020-04-30,"","Georgia",42.3154,43.3569,"confirmed",22
"677",2020-04-30,"","Georgia",42.3154,43.3569,"death",0
"678",2020-04-30,"","Georgia",42.3154,43.3569,"recovered",6
"679",2020-04-29,"","Georgia",42.3154,43.3569,"confirmed",6
"680",2020-04-29,"","Georgia",42.3154,43.3569,"death",0
"681",2020-04-29,"","Georgia",42.3154,43.3569,"recovered",10
"682",2020-04-28,"","Georgia",42.3154,43.3569,"confirmed",14
"683",2020-04-28,"","Georgia",42.3154,43.3569,"death",0
"684",2020-04-28,"","Georgia",42.3154,43.3569,"recovered",12
"685",2020-04-27,"","Georgia",42.3154,43.3569,"confirmed",11
"686",2020-04-27,"","Georgia",42.3154,43.3569,"death",0
"687",2020-04-27,"","Georgia",42.3154,43.3569,"recovered",7
"688",2020-04-26,"","Georgia",42.3154,43.3569,"confirmed",30
"689",2020-04-26,"","Georgia",42.3154,43.3569,"death",1
"690",2020-04-26,"","Georgia",42.3154,43.3569,"recovered",10
"691",2020-04-25,"","Georgia",42.3154,43.3569,"confirmed",12
"692",2020-04-25,"","Georgia",42.3154,43.3569,"death",0
"693",2020-04-25,"","Georgia",42.3154,43.3569,"recovered",7
"694",2020-04-24,"","Georgia",42.3154,43.3569,"confirmed",19
"695",2020-04-24,"","Georgia",42.3154,43.3569,"death",0
"696",2020-04-24,"","Georgia",42.3154,43.3569,"recovered",21
"697",2020-04-23,"","Georgia",42.3154,43.3569,"confirmed",9
"698",2020-04-23,"","Georgia",42.3154,43.3569,"death",0
"699",2020-04-23,"","Georgia",42.3154,43.3569,"recovered",4
"700",2020-04-22,"","Georgia",42.3154,43.3569,"confirmed",8
"701",2020-04-22,"","Georgia",42.3154,43.3569,"death",1
"702",2020-04-22,"","Georgia",42.3154,43.3569,"recovered",10
"703",2020-04-21,"","Georgia",42.3154,43.3569,"confirmed",6
"704",2020-04-21,"","Georgia",42.3154,43.3569,"death",0
"705",2020-04-21,"","Georgia",42.3154,43.3569,"recovered",2
"706",2020-04-20,"","Georgia",42.3154,43.3569,"confirmed",8
"707",2020-04-20,"","Georgia",42.3154,43.3569,"death",0
"708",2020-04-20,"","Georgia",42.3154,43.3569,"recovered",2
"709",2020-04-19,"","Georgia",42.3154,43.3569,"confirmed",6
"710",2020-04-19,"","Georgia",42.3154,43.3569,"death",0
"711",2020-04-19,"","Georgia",42.3154,43.3569,"recovered",7
"712",2020-04-18,"","Georgia",42.3154,43.3569,"confirmed",18
"713",2020-04-18,"","Georgia",42.3154,43.3569,"death",1
"714",2020-04-18,"","Georgia",42.3154,43.3569,"recovered",7
"715",2020-04-17,"","Georgia",42.3154,43.3569,"confirmed",22
"716",2020-04-17,"","Georgia",42.3154,43.3569,"death",0
"717",2020-04-17,"","Georgia",42.3154,43.3569,"recovered",3
"718",2020-04-16,"","Georgia",42.3154,43.3569,"confirmed",42
"719",2020-04-16,"","Georgia",42.3154,43.3569,"death",0
"720",2020-04-16,"","Georgia",42.3154,43.3569,"recovered",5
"721",2020-04-15,"","Georgia",42.3154,43.3569,"confirmed",6
"722",2020-04-15,"","Georgia",42.3154,43.3569,"death",0
"723",2020-04-15,"","Georgia",42.3154,43.3569,"recovered",2
"724",2020-04-14,"","Georgia",42.3154,43.3569,"confirmed",28
"725",2020-04-14,"","Georgia",42.3154,43.3569,"death",0
"726",2020-04-14,"","Georgia",42.3154,43.3569,"recovered",1
"727",2020-04-13,"","Georgia",42.3154,43.3569,"confirmed",15
"728",2020-04-13,"","Georgia",42.3154,43.3569,"death",0
"729",2020-04-13,"","Georgia",42.3154,43.3569,"recovered",1
"730",2020-04-12,"","Georgia",42.3154,43.3569,"confirmed",15
"731",2020-04-12,"","Georgia",42.3154,43.3569,"death",0
"732",2020-04-12,"","Georgia",42.3154,43.3569,"recovered",7
"733",2020-04-11,"","Georgia",42.3154,43.3569,"confirmed",8
"734",2020-04-11,"","Georgia",42.3154,43.3569,"death",0
"735",2020-04-11,"","Georgia",42.3154,43.3569,"recovered",6
"736",2020-04-10,"","Georgia",42.3154,43.3569,"confirmed",16
"737",2020-04-10,"","Georgia",42.3154,43.3569,"death",0
"738",2020-04-10,"","Georgia",42.3154,43.3569,"recovered",3
"739",2020-04-09,"","Georgia",42.3154,43.3569,"confirmed",7
"740",2020-04-09,"","Georgia",42.3154,43.3569,"death",0
"741",2020-04-09,"","Georgia",42.3154,43.3569,"recovered",1
"742",2020-04-08,"","Georgia",42.3154,43.3569,"confirmed",15
"743",2020-04-08,"","Georgia",42.3154,43.3569,"death",0
"744",2020-04-08,"","Georgia",42.3154,43.3569,"recovered",4
"745",2020-04-07,"","Georgia",42.3154,43.3569,"confirmed",8
"746",2020-04-07,"","Georgia",42.3154,43.3569,"death",1
"747",2020-04-07,"","Georgia",42.3154,43.3569,"recovered",7
"748",2020-04-06,"","Georgia",42.3154,43.3569,"confirmed",14
"749",2020-04-06,"","Georgia",42.3154,43.3569,"death",0
"750",2020-04-06,"","Georgia",42.3154,43.3569,"recovered",3
"751",2020-04-05,"","Georgia",42.3154,43.3569,"confirmed",12
"752",2020-04-05,"","Georgia",42.3154,43.3569,"death",1
"753",2020-04-05,"","Georgia",42.3154,43.3569,"recovered",0
"754",2020-04-04,"","Georgia",42.3154,43.3569,"confirmed",7
"755",2020-04-04,"","Georgia",42.3154,43.3569,"death",1
"756",2020-04-04,"","Georgia",42.3154,43.3569,"recovered",8
"757",2020-04-03,"","Georgia",42.3154,43.3569,"confirmed",21
"758",2020-04-03,"","Georgia",42.3154,43.3569,"death",0
"759",2020-04-03,"","Georgia",42.3154,43.3569,"recovered",2
"760",2020-04-02,"","Georgia",42.3154,43.3569,"confirmed",17
"761",2020-04-02,"","Georgia",42.3154,43.3569,"death",0
"762",2020-04-02,"","Georgia",42.3154,43.3569,"recovered",3
"763",2020-04-01,"","Georgia",42.3154,43.3569,"confirmed",7
"764",2020-04-01,"","Georgia",42.3154,43.3569,"death",0
"765",2020-04-01,"","Georgia",42.3154,43.3569,"recovered",2
"766",2020-03-31,"","Georgia",42.3154,43.3569,"confirmed",7
"767",2020-03-31,"","Georgia",42.3154,43.3569,"death",0
"768",2020-03-31,"","Georgia",42.3154,43.3569,"recovered",1
"769",2020-03-30,"","Georgia",42.3154,43.3569,"confirmed",12
"770",2020-03-30,"","Georgia",42.3154,43.3569,"death",0
"771",2020-03-30,"","Georgia",42.3154,43.3569,"recovered",2
"772",2020-03-29,"","Georgia",42.3154,43.3569,"confirmed",1
"773",2020-03-29,"","Georgia",42.3154,43.3569,"death",0
"774",2020-03-29,"","Georgia",42.3154,43.3569,"recovered",4
"775",2020-03-28,"","Georgia",42.3154,43.3569,"confirmed",7
"776",2020-03-28,"","Georgia",42.3154,43.3569,"death",0
"777",2020-03-28,"","Georgia",42.3154,43.3569,"recovered",0
"778",2020-03-27,"","Georgia",42.3154,43.3569,"confirmed",4
"779",2020-03-27,"","Georgia",42.3154,43.3569,"death",0
"780",2020-03-27,"","Georgia",42.3154,43.3569,"recovered",3
"781",2020-03-26,"","Georgia",42.3154,43.3569,"confirmed",4
"782",2020-03-26,"","Georgia",42.3154,43.3569,"death",0
"783",2020-03-26,"","Georgia",42.3154,43.3569,"recovered",1
"784",2020-03-25,"","Georgia",42.3154,43.3569,"confirmed",5
"785",2020-03-25,"","Georgia",42.3154,43.3569,"death",0
"786",2020-03-25,"","Georgia",42.3154,43.3569,"recovered",1
"787",2020-03-24,"","Georgia",42.3154,43.3569,"confirmed",9
"788",2020-03-24,"","Georgia",42.3154,43.3569,"death",0
"789",2020-03-24,"","Georgia",42.3154,43.3569,"recovered",6
"790",2020-03-23,"","Georgia",42.3154,43.3569,"confirmed",7
"791",2020-03-23,"","Georgia",42.3154,43.3569,"death",0
"792",2020-03-23,"","Georgia",42.3154,43.3569,"recovered",0
"793",2020-03-22,"","Georgia",42.3154,43.3569,"confirmed",5
"794",2020-03-22,"","Georgia",42.3154,43.3569,"death",0
"795",2020-03-22,"","Georgia",42.3154,43.3569,"recovered",2
"796",2020-03-21,"","Georgia",42.3154,43.3569,"confirmed",6
"797",2020-03-21,"","Georgia",42.3154,43.3569,"death",0
"798",2020-03-21,"","Georgia",42.3154,43.3569,"recovered",0
"799",2020-03-20,"","Georgia",42.3154,43.3569,"confirmed",3
"800",2020-03-20,"","Georgia",42.3154,43.3569,"death",0
"801",2020-03-20,"","Georgia",42.3154,43.3569,"recovered",0
"802",2020-03-19,"","Georgia",42.3154,43.3569,"confirmed",2
"803",2020-03-19,"","Georgia",42.3154,43.3569,"death",0
"804",2020-03-19,"","Georgia",42.3154,43.3569,"recovered",0
"805",2020-03-18,"","Georgia",42.3154,43.3569,"confirmed",4
"806",2020-03-18,"","Georgia",42.3154,43.3569,"death",0
"807",2020-03-18,"","Georgia",42.3154,43.3569,"recovered",0
"808",2020-03-17,"","Georgia",42.3154,43.3569,"confirmed",1
"809",2020-03-17,"","Georgia",42.3154,43.3569,"death",0
"810",2020-03-17,"","Georgia",42.3154,43.3569,"recovered",0
"811",2020-03-16,"","Georgia",42.3154,43.3569,"confirmed",0
"812",2020-03-16,"","Georgia",42.3154,43.3569,"death",0
"813",2020-03-16,"","Georgia",42.3154,43.3569,"recovered",1
"814",2020-03-15,"","Georgia",42.3154,43.3569,"confirmed",3
"815",2020-03-15,"","Georgia",42.3154,43.3569,"death",0
"816",2020-03-15,"","Georgia",42.3154,43.3569,"recovered",0
"817",2020-03-14,"","Georgia",42.3154,43.3569,"confirmed",5
"818",2020-03-14,"","Georgia",42.3154,43.3569,"death",0
"819",2020-03-14,"","Georgia",42.3154,43.3569,"recovered",0
"820",2020-03-13,"","Georgia",42.3154,43.3569,"confirmed",1
"821",2020-03-13,"","Georgia",42.3154,43.3569,"death",0
"822",2020-03-13,"","Georgia",42.3154,43.3569,"recovered",0
"823",2020-03-12,"","Georgia",42.3154,43.3569,"confirmed",0
"824",2020-03-12,"","Georgia",42.3154,43.3569,"death",0
"825",2020-03-12,"","Georgia",42.3154,43.3569,"recovered",0
"826",2020-03-11,"","Georgia",42.3154,43.3569,"confirmed",9
"827",2020-03-11,"","Georgia",42.3154,43.3569,"death",0
"828",2020-03-11,"","Georgia",42.3154,43.3569,"recovered",0
"829",2020-03-10,"","Georgia",42.3154,43.3569,"confirmed",0
"830",2020-03-10,"","Georgia",42.3154,43.3569,"death",0
"831",2020-03-10,"","Georgia",42.3154,43.3569,"recovered",0
"832",2020-03-09,"","Georgia",42.3154,43.3569,"confirmed",2
"833",2020-03-09,"","Georgia",42.3154,43.3569,"death",0
"834",2020-03-09,"","Georgia",42.3154,43.3569,"recovered",0
"835",2020-03-08,"","Georgia",42.3154,43.3569,"confirmed",9
"836",2020-03-08,"","Georgia",42.3154,43.3569,"death",0
"837",2020-03-08,"","Georgia",42.3154,43.3569,"recovered",0
"838",2020-03-07,"","Georgia",42.3154,43.3569,"confirmed",0
"839",2020-03-07,"","Georgia",42.3154,43.3569,"death",0
"840",2020-03-07,"","Georgia",42.3154,43.3569,"recovered",0
"841",2020-03-06,"","Georgia",42.3154,43.3569,"confirmed",0
"842",2020-03-06,"","Georgia",42.3154,43.3569,"death",0
"843",2020-03-06,"","Georgia",42.3154,43.3569,"recovered",0
"844",2020-03-05,"","Georgia",42.3154,43.3569,"confirmed",1
"845",2020-03-05,"","Georgia",42.3154,43.3569,"death",0
"846",2020-03-05,"","Georgia",42.3154,43.3569,"recovered",0
"847",2020-03-04,"","Georgia",42.3154,43.3569,"confirmed",0
"848",2020-03-04,"","Georgia",42.3154,43.3569,"death",0
"849",2020-03-04,"","Georgia",42.3154,43.3569,"recovered",0
"850",2020-03-03,"","Georgia",42.3154,43.3569,"confirmed",0
"851",2020-03-03,"","Georgia",42.3154,43.3569,"death",0
"852",2020-03-03,"","Georgia",42.3154,43.3569,"recovered",0
"853",2020-03-02,"","Georgia",42.3154,43.3569,"confirmed",0
"854",2020-03-02,"","Georgia",42.3154,43.3569,"death",0
"855",2020-03-02,"","Georgia",42.3154,43.3569,"recovered",0
"856",2020-03-01,"","Georgia",42.3154,43.3569,"confirmed",2
"857",2020-03-01,"","Georgia",42.3154,43.3569,"death",0
"858",2020-03-01,"","Georgia",42.3154,43.3569,"recovered",0
"859",2020-02-29,"","Georgia",42.3154,43.3569,"confirmed",0
"860",2020-02-29,"","Georgia",42.3154,43.3569,"death",0
"861",2020-02-29,"","Georgia",42.3154,43.3569,"recovered",0
"862",2020-02-28,"","Georgia",42.3154,43.3569,"confirmed",0
"863",2020-02-28,"","Georgia",42.3154,43.3569,"death",0
"864",2020-02-28,"","Georgia",42.3154,43.3569,"recovered",0
"865",2020-02-27,"","Georgia",42.3154,43.3569,"confirmed",0
"866",2020-02-27,"","Georgia",42.3154,43.3569,"death",0
"867",2020-02-27,"","Georgia",42.3154,43.3569,"recovered",0
"868",2020-02-26,"","Georgia",42.3154,43.3569,"confirmed",1
"869",2020-02-26,"","Georgia",42.3154,43.3569,"death",0
"870",2020-02-26,"","Georgia",42.3154,43.3569,"recovered",0
"871",2020-02-25,"","Georgia",42.3154,43.3569,"confirmed",0
"872",2020-02-25,"","Georgia",42.3154,43.3569,"death",0
"873",2020-02-25,"","Georgia",42.3154,43.3569,"recovered",0
"874",2020-02-24,"","Georgia",42.3154,43.3569,"confirmed",0
"875",2020-02-24,"","Georgia",42.3154,43.3569,"death",0
"876",2020-02-24,"","Georgia",42.3154,43.3569,"recovered",0
"877",2020-02-23,"","Georgia",42.3154,43.3569,"confirmed",0
"878",2020-02-23,"","Georgia",42.3154,43.3569,"death",0
"879",2020-02-23,"","Georgia",42.3154,43.3569,"recovered",0
"880",2020-02-22,"","Georgia",42.3154,43.3569,"confirmed",0
"881",2020-02-22,"","Georgia",42.3154,43.3569,"death",0
"882",2020-02-22,"","Georgia",42.3154,43.3569,"recovered",0
"883",2020-02-21,"","Georgia",42.3154,43.3569,"confirmed",0
"884",2020-02-21,"","Georgia",42.3154,43.3569,"death",0
"885",2020-02-21,"","Georgia",42.3154,43.3569,"recovered",0
"886",2020-02-20,"","Georgia",42.3154,43.3569,"confirmed",0
"887",2020-02-20,"","Georgia",42.3154,43.3569,"death",0
"888",2020-02-20,"","Georgia",42.3154,43.3569,"recovered",0
"889",2020-02-19,"","Georgia",42.3154,43.3569,"confirmed",0
"890",2020-02-19,"","Georgia",42.3154,43.3569,"death",0
"891",2020-02-19,"","Georgia",42.3154,43.3569,"recovered",0
"892",2020-02-18,"","Georgia",42.3154,43.3569,"confirmed",0
"893",2020-02-18,"","Georgia",42.3154,43.3569,"death",0
"894",2020-02-18,"","Georgia",42.3154,43.3569,"recovered",0
"895",2020-02-17,"","Georgia",42.3154,43.3569,"confirmed",0
"896",2020-02-17,"","Georgia",42.3154,43.3569,"death",0
"897",2020-02-17,"","Georgia",42.3154,43.3569,"recovered",0
"898",2020-02-16,"","Georgia",42.3154,43.3569,"confirmed",0
"899",2020-02-16,"","Georgia",42.3154,43.3569,"death",0
"900",2020-02-16,"","Georgia",42.3154,43.3569,"recovered",0
"901",2020-02-15,"","Georgia",42.3154,43.3569,"confirmed",0
"902",2020-02-15,"","Georgia",42.3154,43.3569,"death",0
"903",2020-02-15,"","Georgia",42.3154,43.3569,"recovered",0
"904",2020-02-14,"","Georgia",42.3154,43.3569,"confirmed",0
"905",2020-02-14,"","Georgia",42.3154,43.3569,"death",0
"906",2020-02-14,"","Georgia",42.3154,43.3569,"recovered",0
"907",2020-02-13,"","Georgia",42.3154,43.3569,"confirmed",0
"908",2020-02-13,"","Georgia",42.3154,43.3569,"death",0
"909",2020-02-13,"","Georgia",42.3154,43.3569,"recovered",0
"910",2020-02-12,"","Georgia",42.3154,43.3569,"confirmed",0
"911",2020-02-12,"","Georgia",42.3154,43.3569,"death",0
"912",2020-02-12,"","Georgia",42.3154,43.3569,"recovered",0
"913",2020-02-11,"","Georgia",42.3154,43.3569,"confirmed",0
"914",2020-02-11,"","Georgia",42.3154,43.3569,"death",0
"915",2020-02-11,"","Georgia",42.3154,43.3569,"recovered",0
"916",2020-02-10,"","Georgia",42.3154,43.3569,"confirmed",0
"917",2020-02-10,"","Georgia",42.3154,43.3569,"death",0
"918",2020-02-10,"","Georgia",42.3154,43.3569,"recovered",0
"919",2020-02-09,"","Georgia",42.3154,43.3569,"confirmed",0
"920",2020-02-09,"","Georgia",42.3154,43.3569,"death",0
"921",2020-02-09,"","Georgia",42.3154,43.3569,"recovered",0
"922",2020-02-08,"","Georgia",42.3154,43.3569,"confirmed",0
"923",2020-02-08,"","Georgia",42.3154,43.3569,"death",0
"924",2020-02-08,"","Georgia",42.3154,43.3569,"recovered",0
"925",2020-02-07,"","Georgia",42.3154,43.3569,"confirmed",0
"926",2020-02-07,"","Georgia",42.3154,43.3569,"death",0
"927",2020-02-07,"","Georgia",42.3154,43.3569,"recovered",0
"928",2020-02-06,"","Georgia",42.3154,43.3569,"confirmed",0
"929",2020-02-06,"","Georgia",42.3154,43.3569,"death",0
"930",2020-02-06,"","Georgia",42.3154,43.3569,"recovered",0
"931",2020-02-05,"","Georgia",42.3154,43.3569,"confirmed",0
"932",2020-02-05,"","Georgia",42.3154,43.3569,"death",0
"933",2020-02-05,"","Georgia",42.3154,43.3569,"recovered",0
"934",2020-02-04,"","Georgia",42.3154,43.3569,"confirmed",0
"935",2020-02-04,"","Georgia",42.3154,43.3569,"death",0
"936",2020-02-04,"","Georgia",42.3154,43.3569,"recovered",0
"937",2020-02-03,"","Georgia",42.3154,43.3569,"confirmed",0
"938",2020-02-03,"","Georgia",42.3154,43.3569,"death",0
"939",2020-02-03,"","Georgia",42.3154,43.3569,"recovered",0
"940",2020-02-02,"","Georgia",42.3154,43.3569,"confirmed",0
"941",2020-02-02,"","Georgia",42.3154,43.3569,"death",0
"942",2020-02-02,"","Georgia",42.3154,43.3569,"recovered",0
"943",2020-02-01,"","Georgia",42.3154,43.3569,"confirmed",0
"944",2020-02-01,"","Georgia",42.3154,43.3569,"death",0
"945",2020-02-01,"","Georgia",42.3154,43.3569,"recovered",0
"946",2020-01-31,"","Georgia",42.3154,43.3569,"confirmed",0
"947",2020-01-31,"","Georgia",42.3154,43.3569,"death",0
"948",2020-01-31,"","Georgia",42.3154,43.3569,"recovered",0
"949",2020-01-30,"","Georgia",42.3154,43.3569,"confirmed",0
"950",2020-01-30,"","Georgia",42.3154,43.3569,"death",0
"951",2020-01-30,"","Georgia",42.3154,43.3569,"recovered",0
"952",2020-01-29,"","Georgia",42.3154,43.3569,"confirmed",0
"953",2020-01-29,"","Georgia",42.3154,43.3569,"death",0
"954",2020-01-29,"","Georgia",42.3154,43.3569,"recovered",0
"955",2020-01-28,"","Georgia",42.3154,43.3569,"confirmed",0
"956",2020-01-28,"","Georgia",42.3154,43.3569,"death",0
"957",2020-01-28,"","Georgia",42.3154,43.3569,"recovered",0
"958",2020-01-27,"","Georgia",42.3154,43.3569,"confirmed",0
"959",2020-01-27,"","Georgia",42.3154,43.3569,"death",0
"960",2020-01-27,"","Georgia",42.3154,43.3569,"recovered",0
"961",2020-01-26,"","Georgia",42.3154,43.3569,"confirmed",0
"962",2020-01-26,"","Georgia",42.3154,43.3569,"death",0
"963",2020-01-26,"","Georgia",42.3154,43.3569,"recovered",0
"964",2020-01-25,"","Georgia",42.3154,43.3569,"confirmed",0
"965",2020-01-25,"","Georgia",42.3154,43.3569,"death",0
"966",2020-01-25,"","Georgia",42.3154,43.3569,"recovered",0
"967",2020-01-24,"","Georgia",42.3154,43.3569,"confirmed",0
"968",2020-01-24,"","Georgia",42.3154,43.3569,"death",0
"969",2020-01-24,"","Georgia",42.3154,43.3569,"recovered",0
"970",2020-01-23,"","Georgia",42.3154,43.3569,"confirmed",0
"971",2020-01-23,"","Georgia",42.3154,43.3569,"death",0
"972",2020-01-23,"","Georgia",42.3154,43.3569,"recovered",0
"973",2020-01-22,"","Georgia",42.3154,43.3569,"confirmed",0
"974",2020-01-22,"","Georgia",42.3154,43.3569,"death",0
"975",2020-01-22,"","Georgia",42.3154,43.3569,"recovered",0
